Block,Type,Condition_label,Group,Sentences,Prosody,Subject,Clitic_gender,Direct_object_gender,Indirect_object_gender,Num_inter_elements,Audio_files_numbering,File_prefix_of_all_audio_files,All_audio_files_original_name,Path_of_audio_files_final_name
BlockTarget_1,Target,A1,A, Сите режисери и поднесоа по еден филм на комисијата.,Standard,Режисери,и,филм_М,комисија_ж,0,STE-001,Targets,target_STE-001_mono.wav,Targets/mono/target_STE-001_mono.wav
BlockTarget_1,Target,B2,B, Режисерите сите и поднесоа по еден филм на комисијата.,Rising + Comma < CL V,Режисери,и,филм_М,комисија_ж,1,STE-002,Targets,target_STE-002_mono.wav,Targets/mono/target_STE-002_mono.wav
BlockTarget_1,Target,C3,C, Режисерите и поднесоа сите по еден филм на комисијата.,Rising + Comma < DO,Режисери,и,филм_М,комисија_ж,2,STE-003,Targets,target_STE-003_mono.wav,Targets/mono/target_STE-003_mono.wav
BlockTarget_1,Target,D4,D, Режисерите и поднесоа по еден филм сите на комисијата.,Rising + Comma < IO,Режисери,и,филм_М,комисија_ж,3,STE-004,Targets,target_STE-004_mono.wav,Targets/mono/target_STE-004_mono.wav
BlockTarget_1,Target,E5,E, Режисерите и поднесоа по еден филм на комисијата сите.,Comma > Post S,Режисери,и,филм_М,комисија_ж,4,STE-005,Targets,target_STE-005_mono.wav,Targets/mono/target_STE-005_mono.wav
BlockTarget_2,Target,A1,B, Сите уметници и пратија по едно дело на галеријата.,Standard,Уметници,и,дело_с,галерија_ж,0,STE-006,Targets,target_STE-006_mono.wav,Targets/mono/target_STE-006_mono.wav
BlockTarget_2,Target,B2,C, Уметниците сите и пратија по едно дело на галеријата.,Rising + Comma < CL V,Уметници,и,дело_с,галерија_ж,1,STE-007,Targets,target_STE-007_mono.wav,Targets/mono/target_STE-007_mono.wav
BlockTarget_2,Target,C3,D, Уметниците и пратија сите по едно дело на галеријата.,Rising + Comma < DO,Уметници,и,дело_с,галерија_ж,2,STE-008,Targets,target_STE-008_mono.wav,Targets/mono/target_STE-008_mono.wav
BlockTarget_2,Target,D4,E, Уметниците и пратија по едно дело сите на галеријата.,Rising + Comma < IO,Уметници,и,дело_с,галерија_ж,3,STE-009,Targets,target_STE-009_mono.wav,Targets/mono/target_STE-009_mono.wav
BlockTarget_2,Target,E5,A, Уметниците и пратија по едно дело на галеријата сите.,Comma > Post S,Уметници,и,дело_с,галерија_ж,4,STE-010,Targets,target_STE-010_mono.wav,Targets/mono/target_STE-010_mono.wav
BlockTarget_3,Target,A1,C, Сите сликари му подарија по една слика на музејот.,Standard,Сликари,му,слика_ж,музеј_м,0,STE-011,Targets,target_STE-011_mono.wav,Targets/mono/target_STE-011_mono.wav
BlockTarget_3,Target,B2,D, Сликарите сите му подарија по една слика на музејот.,Rising + Comma < CL V,Сликари,му,слика_ж,музеј_м,1,STE-012,Targets,target_STE-012_mono.wav,Targets/mono/target_STE-012_mono.wav
BlockTarget_3,Target,C3,E, Сликарите му подарија сите по една слика на музејот.,Rising + Comma < DO,Сликари,му,слика_ж,музеј_м,2,STE-013,Targets,target_STE-013_mono.wav,Targets/mono/target_STE-013_mono.wav
BlockTarget_3,Target,D4,A, Сликарите му подарија по една слика сите на музејот.,Rising + Comma < IO,Сликари,му,слика_ж,музеј_м,3,STE-014,Targets,target_STE-014_mono.wav,Targets/mono/target_STE-014_mono.wav
BlockTarget_3,Target,E5,B, Сликарите му подарија по една слика на музејот сите.,Comma > Post S,Сликари,му,слика_ж,музеј_м,4,STE-015,Targets,target_STE-015_mono.wav,Targets/mono/target_STE-015_mono.wav
BlockTarget_4,Target,A1,D, Сите работници му дадоа по една лозинка на раководителот.,Standard,Работници,му,лозинка_ж,раководител_м,0,STE-016,Targets,target_STE-016_mono.wav,Targets/mono/target_STE-016_mono.wav
BlockTarget_4,Target,B2,E, Работниците сите му дадоа по една лозинка на раководителот.,Rising + Comma < CL V,Работници,му,лозинка_ж,раководител_м,1,STE-017,Targets,target_STE-017_mono.wav,Targets/mono/target_STE-017_mono.wav
BlockTarget_4,Target,C3,A, Работниците му дадоа сите по една лозинка на раководителот.,Rising + Comma < DO,Работници,му,лозинка_ж,раководител_м,2,STE-018,Targets,target_STE-018_mono.wav,Targets/mono/target_STE-018_mono.wav
BlockTarget_4,Target,D4,B, Работниците му дадоа по една лозинка сите на раководителот.,Rising + Comma < IO,Работници,му,лозинка_ж,раководител_м,3,STE-019,Targets,target_STE-019_mono.wav,Targets/mono/target_STE-019_mono.wav
BlockTarget_4,Target,E5,C, Работниците му дадоа по една лозинка на раководителот сите.,Comma > Post S,Работници,му,лозинка_ж,раководител_м,4,STE-020,Targets,target_STE-020_mono.wav,Targets/mono/target_STE-020_mono.wav
BlockTarget_5,Target,A1,E, Сите писатели и испратија по една книга на агенцијата.,Standard,Писатели,и,книга_ж,агенција_ж,0,STE-021,Targets,target_STE-021_mono.wav,Targets/mono/target_STE-021_mono.wav
BlockTarget_5,Target,B2,A, Писателите сите и испратија по една книга на агенцијата.,Rising + Comma < CL V,Писатели,и,книга_ж,агенција_ж,1,STE-022,Targets,target_STE-022_mono.wav,Targets/mono/target_STE-022_mono.wav
BlockTarget_5,Target,C3,B, Писателите и испратија сите по една книга на агенцијата.,Rising + Comma < DO,Писатели,и,книга_ж,агенција_ж,2,STE-023,Targets,target_STE-023_mono.wav,Targets/mono/target_STE-023_mono.wav
BlockTarget_5,Target,D4,C, Писателите и испратија по една книга сите на агенцијата.,Rising + Comma < IO,Писатели,и,книга_ж,агенција_ж,3,STE-024,Targets,target_STE-024_mono.wav,Targets/mono/target_STE-024_mono.wav
BlockTarget_5,Target,E5,D, Писателите и испратија по една книга на агенцијата сите.,Comma > Post S,Писатели,и,книга_ж,агенција_ж,4,STE-025,Targets,target_STE-025_mono.wav,Targets/mono/target_STE-025_mono.wav
BlockTarget_6,Target,A1,A, Сите студенти му ветија по еден есеј на професорот.,Standard,Студенти,му,есеј_м,професор_м,0,STE-026,Targets,target_STE-026_mono.wav,Targets/mono/target_STE-026_mono.wav
BlockTarget_6,Target,B2,B, Студентите сите му ветија по еден есеј на професорот.,Rising + Comma < CL V,Студенти,му,есеј_м,професор_м,1,STE-027,Targets,target_STE-027_mono.wav,Targets/mono/target_STE-027_mono.wav
BlockTarget_6,Target,C3,C, Студентите му ветија сите по еден есеј на професорот.,Rising + Comma < DO,Студенти,му,есеј_м,професор_м,2,STE-028,Targets,target_STE-028_mono.wav,Targets/mono/target_STE-028_mono.wav
BlockTarget_6,Target,D4,D, Студентите му ветија по еден есеј сите на професорот.,Rising + Comma < IO,Студенти,му,есеј_м,професор_м,3,STE-029,Targets,target_STE-029_mono.wav,Targets/mono/target_STE-029_mono.wav
BlockTarget_6,Target,E5,E, Студентите му ветија по еден есеј на професорот сите.,Comma > Post S,Студенти,му,есеј_м,професор_м,4,STE-030,Targets,target_STE-030_mono.wav,Targets/mono/target_STE-030_mono.wav
BlockTarget_7,Target,A1,B, Сите волонтери и донираа по еден компјутер на организацијата.,Standard,Волонтери,и,компјутер_м,организација_м,0,STE-031,Targets,target_STE-031_mono.wav,Targets/mono/target_STE-031_mono.wav
BlockTarget_7,Target,B2,C, Волонтерите сите и донираа по еден компјутер на организацијата.,Rising + Comma < CL V,Волонтери,и,компјутер_м,организација_м,1,STE-032,Targets,target_STE-032_mono.wav,Targets/mono/target_STE-032_mono.wav
BlockTarget_7,Target,C3,D, Волонтерите и донираа сите по еден компјутер на организацијата.,Rising + Comma < DO,Волонтери,и,компјутер_м,организација_м,2,STE-033,Targets,target_STE-033_mono.wav,Targets/mono/target_STE-033_mono.wav
BlockTarget_7,Target,D4,E, Волонтерите и донираа по еден компјутер сите на организацијата.,Rising + Comma < IO,Волонтери,и,компјутер_м,организација_м,3,STE-034,Targets,target_STE-034_mono.wav,Targets/mono/target_STE-034_mono.wav
BlockTarget_7,Target,E5,A, Волонтерите и донираа по еден компјутер на организацијата сите.,Comma > Post S,Волонтери,и,компјутер_м,организација_м,4,STE-035,Targets,target_STE-035_mono.wav,Targets/mono/target_STE-035_mono.wav
BlockTarget_8,Target,A1,C, Сите гости му дадоа по еден подарок на славеникот.,Standard,Гости,му,подарок_м,славеник_м,0,STE-036,Targets,target_STE-036_mono.wav,Targets/mono/target_STE-036_mono.wav
BlockTarget_8,Target,B2,D, Гостите сите му дадоа по еден подарок на славеникот.,Rising + Comma < CL V,Гости,му,подарок_м,славеник_м,1,STE-037,Targets,target_STE-037_mono.wav,Targets/mono/target_STE-037_mono.wav
BlockTarget_8,Target,C3,E, Гостите му дадоа сите по еден подарок на славеникот.,Rising + Comma < DO,Гости,му,подарок_м,славеник_м,2,STE-038,Targets,target_STE-038_mono.wav,Targets/mono/target_STE-038_mono.wav
BlockTarget_8,Target,D4,A, Гостите му дадоа по еден подарок сите на славеникот.,Rising + Comma < IO,Гости,му,подарок_м,славеник_м,3,STE-039,Targets,target_STE-039_mono.wav,Targets/mono/target_STE-039_mono.wav
BlockTarget_8,Target,E5,B, Гостите му дадоа по еден подарок на славеникот сите.,Comma > Post S,Гости,му,подарок_м,славеник_м,4,STE-040,Targets,target_STE-040_mono.wav,Targets/mono/target_STE-040_mono.wav
BlockTarget_9,Target,A1,D, Сите домаќинки му послужија по едно благо на гостинот.,Standard,Домаќинки,му,благо_с,гостин_м,0,STE-041,Targets,target_STE-041_mono.wav,Targets/mono/target_STE-041_mono.wav
BlockTarget_9,Target,B2,E, Домаќинките сите му послужија по едно благо на гостинот.,Rising + Comma < CL V,Домаќинки,му,благо_с,гостин_м,1,STE-042,Targets,target_STE-042_mono.wav,Targets/mono/target_STE-042_mono.wav
BlockTarget_9,Target,C3,A, Домаќинките му послужија сите по едно благо на гостинот.,Rising + Comma < DO,Домаќинки,му,благо_с,гостин_м,2,STE-043,Targets,target_STE-043_mono.wav,Targets/mono/target_STE-043_mono.wav
BlockTarget_9,Target,D4,B, Домаќинките му послужија по едно благо сите на гостинот.,Rising + Comma < IO,Домаќинки,му,благо_с,гостин_м,3,STE-044,Targets,target_STE-044_mono.wav,Targets/mono/target_STE-044_mono.wav
BlockTarget_9,Target,E5,C, Домаќинките му послужија по едно благо на гостинот сите,Comma > Post S,Домаќинки,му,благо_с,гостин_м,4,STE-045,Targets,target_STE-045_mono.wav,Targets/mono/target_STE-045_mono.wav
BlockTarget_10,Target,A1,E, Сите мажи и однесоа по една кошула на шнајдерката.,Standard,Мажи,и,кошула_ж,шнајдерка_ж,0,STE-046,Targets,target_STE-046_mono.wav,Targets/mono/target_STE-046_mono.wav
BlockTarget_10,Target,B2,A, Мажите сите и однесоа по една кошула на шнајдерката.,Rising + Comma < CL V,Мажи,и,кошула_ж,шнајдерка_ж,1,STE-047,Targets,target_STE-047_mono.wav,Targets/mono/target_STE-047_mono.wav
BlockTarget_10,Target,C3,B, Мажите и однесоа сите по една кошула на шнајдерката.,Rising + Comma < DO,Мажи,и,кошула_ж,шнајдерка_ж,2,STE-048,Targets,target_STE-048_mono.wav,Targets/mono/target_STE-048_mono.wav
BlockTarget_10,Target,D4,C, Мажите и однесоа по една кошула сите на шнајдерката.,Rising + Comma < IO,Мажи,и,кошула_ж,шнајдерка_ж,3,STE-049,Targets,target_STE-049_mono.wav,Targets/mono/target_STE-049_mono.wav
BlockTarget_10,Target,E5,D, Мажите и однесоа по една кошула на шнајдерката сите.,Comma > Post S,Мажи,и,кошула_ж,шнајдерка_ж,4,STE-050,Targets,target_STE-050_mono.wav,Targets/mono/target_STE-050_mono.wav
BlockTarget_11,Target,A1,A, Сите учесници му претставија по еден концепт на жирито.,Standard,Учесници,му,концепт_м,жири_м,0,STE-051,Targets,target_STE-051_mono.wav,Targets/mono/target_STE-051_mono.wav
BlockTarget_11,Target,B2,B, Учесниците сите му претставија по еден концепт на жирито.,Rising + Comma < CL V,Учесници,му,концепт_м,жири_м,1,STE-052,Targets,target_STE-052_mono.wav,Targets/mono/target_STE-052_mono.wav
BlockTarget_11,Target,C3,C, Учесниците му претставија сите по еден концепт на жирито.,Rising + Comma < DO,Учесници,му,концепт_м,жири_м,2,STE-053,Targets,target_STE-053_mono.wav,Targets/mono/target_STE-053_mono.wav
BlockTarget_11,Target,D4,D, Учесниците му претставија по еден концепт сите на жирито.,Rising + Comma < IO,Учесници,му,концепт_м,жири_м,3,STE-054,Targets,target_STE-054_mono.wav,Targets/mono/target_STE-054_mono.wav
BlockTarget_11,Target,E5,E, Учесниците му претставија по еден концепт на жирито сите.,Comma > Post S,Учесници,му,концепт_м,жири_м,4,STE-055,Targets,target_STE-055_mono.wav,Targets/mono/target_STE-055_mono.wav
BlockTarget_12,Target,A1,B, Сите новинари му испратија по една статија на уредникот.,Standard,Новинари,му,статија_ж,уредник_м,0,STE-056,Targets,target_STE-056_mono.wav,Targets/mono/target_STE-056_mono.wav
BlockTarget_12,Target,B2,C, Новинарите сите му испратија по една статија на уредникот.,Rising + Comma < CL V,Новинари,му,статија_ж,уредник_м,1,STE-057,Targets,target_STE-057_mono.wav,Targets/mono/target_STE-057_mono.wav
BlockTarget_12,Target,C3,D, Новинарите му испратија сите по една статија на уредникот.,Rising + Comma < DO,Новинари,му,статија_ж,уредник_м,2,STE-058,Targets,target_STE-058_mono.wav,Targets/mono/target_STE-058_mono.wav
BlockTarget_12,Target,D4,E, Новинарите му испратија по една статија сите на уредникот.,Rising + Comma < IO,Новинари,му,статија_ж,уредник_м,3,STE-059,Targets,target_STE-059_mono.wav,Targets/mono/target_STE-059_mono.wav
BlockTarget_12,Target,E5,A, Новинарите му испратија по една статија на уредникот сите.,Comma > Post S,Новинари,му,статија_ж,уредник_м,4,STE-060,Targets,target_STE-060_mono.wav,Targets/mono/target_STE-060_mono.wav
BlockTarget_13,Target,A1,C, Сите фирми му вратија по еден дел на произведувачот.,Standard,Фирми,му,дел_м,произведувач_м,0,STE-061,Targets,target_STE-061_mono.wav,Targets/mono/target_STE-061_mono.wav
BlockTarget_13,Target,B2,D, Фирмите сите му вратија по еден дел на произведувачот.,Rising + Comma < CL V,Фирми,му,дел_м,произведувач_м,1,STE-062,Targets,target_STE-062_mono.wav,Targets/mono/target_STE-062_mono.wav
BlockTarget_13,Target,C3,E, Фирмите му вратија сите по еден дел на произведувачот.,Rising + Comma < DO,Фирми,му,дел_м,произведувач_м,2,STE-063,Targets,target_STE-063_mono.wav,Targets/mono/target_STE-063_mono.wav
BlockTarget_13,Target,D4,A, Фирмите му вратија по еден дел сите на произведувачот.,Rising + Comma < IO,Фирми,му,дел_м,произведувач_м,3,STE-064,Targets,target_STE-064_mono.wav,Targets/mono/target_STE-064_mono.wav
BlockTarget_13,Target,E5,B, Фирмите му вратија по еден дел на произведувачот сите.,Comma > Post S,Фирми,му,дел_м,произведувач_м,4,STE-065,Targets,target_STE-065_mono.wav,Targets/mono/target_STE-065_mono.wav
BlockTarget_14,Target,A1,D, Сите доктори му препишаа по еден лек на пациентот.,Standard,Доктори,му,лек_м,пациент_м,0,STE-066,Targets,target_STE-066_mono.wav,Targets/mono/target_STE-066_mono.wav
BlockTarget_14,Target,B2,E, Докторите сите му препишаа по еден лек на пациентот.,Rising + Comma < CL V,Доктори,му,лек_м,пациент_м,1,STE-067,Targets,target_STE-067_mono.wav,Targets/mono/target_STE-067_mono.wav
BlockTarget_14,Target,C3,A, Докторите му препишаа сите по еден лек на пациентот.,Rising + Comma < DO,Доктори,му,лек_м,пациент_м,2,STE-068,Targets,target_STE-068_mono.wav,Targets/mono/target_STE-068_mono.wav
BlockTarget_14,Target,D4,B, Докторите му препишаа по еден лек сите на пациентот.,Rising + Comma < IO,Доктори,му,лек_м,пациент_м,3,STE-069,Targets,target_STE-069_mono.wav,Targets/mono/target_STE-069_mono.wav
BlockTarget_14,Target,E5,C, Докторите му препишаа по еден лек на пациентот сите.,Comma > Post S,Доктори,му,лек_м,пациент_м,4,STE-070,Targets,target_STE-070_mono.wav,Targets/mono/target_STE-070_mono.wav
BlockTarget_15,Target,A1,E, Сите фанови и фрлија по едно цвеќе на глумицата.,Standard,Фанови,и,цвеќе_с,глумица_ж,0,STE-071,Targets,target_STE-071_mono.wav,Targets/mono/target_STE-071_mono.wav
BlockTarget_15,Target,B2,A, Фановите сите и фрлија по едно цвеќе на глумицата.,Rising + Comma < CL V,Фанови,и,цвеќе_с,глумица_ж,1,STE-072,Targets,target_STE-072_mono.wav,Targets/mono/target_STE-072_mono.wav
BlockTarget_15,Target,C3,B, Фановите и фрлија сите по едно цвеќе на глумицата.,Rising + Comma < DO,Фанови,и,цвеќе_с,глумица_ж,2,STE-073,Targets,target_STE-073_mono.wav,Targets/mono/target_STE-073_mono.wav
BlockTarget_15,Target,D4,C, Фановите и фрлија по едно цвеќе сите на глумицата.,Rising + Comma < IO,Фанови,и,цвеќе_с,глумица_ж,3,STE-074,Targets,target_STE-074_mono.wav,Targets/mono/target_STE-074_mono.wav
BlockTarget_15,Target,E5,D, Фановите и фрлија по едно цвеќе на глумицата сите.,Comma > Post S,Фанови,и,цвеќе_с,глумица_ж,4,STE-075,Targets,target_STE-075_mono.wav,Targets/mono/target_STE-075_mono.wav
BlockTarget_16,Target,A1,A, Сите научници му образложија по еден труд на одборот.,Standard,Научници,му,труд_м,одбор_м,0,STE-076,Targets,target_STE-076_mono.wav,Targets/mono/target_STE-076_mono.wav
BlockTarget_16,Target,B2,B, Научниците сите му образложија по еден труд на одборот.,Rising + Comma < CL V,Научници,му,труд_м,одбор_м,1,STE-077,Targets,target_STE-077_mono.wav,Targets/mono/target_STE-077_mono.wav
BlockTarget_16,Target,C3,C, Научниците му образложија сите по еден труд на одборот.,Rising + Comma < DO,Научници,му,труд_м,одбор_м,2,STE-078,Targets,target_STE-078_mono.wav,Targets/mono/target_STE-078_mono.wav
BlockTarget_16,Target,D4,D, Научниците му образложија по еден труд сите на одборот.,Rising + Comma < IO,Научници,му,труд_м,одбор_м,3,STE-079,Targets,target_STE-079_mono.wav,Targets/mono/target_STE-079_mono.wav
BlockTarget_16,Target,E5,E, Научниците му образложија по еден труд на одборот сите.,Comma > Post S,Научници,му,труд_м,одбор_м,4,STE-080,Targets,target_STE-080_mono.wav,Targets/mono/target_STE-080_mono.wav
BlockTarget_17,Target,A1,B, Сите сопственици му доставија по едно барање на советот.,Standard,Сопственици,му,барање_с,совет_м,0,STE-081,Targets,target_STE-081_mono.wav,Targets/mono/target_STE-081_mono.wav
BlockTarget_17,Target,B2,C, Сопствениците сите му доставија по едно барање на советот.,Rising + Comma < CL V,Сопственици,му,барање_с,совет_м,1,STE-082,Targets,target_STE-082_mono.wav,Targets/mono/target_STE-082_mono.wav
BlockTarget_17,Target,C3,D, Сопствениците му доставија сите по едно барање на советот.,Rising + Comma < DO,Сопственици,му,барање_с,совет_м,2,STE-083,Targets,target_STE-083_mono.wav,Targets/mono/target_STE-083_mono.wav
BlockTarget_17,Target,D4,E, Сопствениците му доставија по едно барање сите на советот.,Rising + Comma < IO,Сопственици,му,барање_с,совет_м,3,STE-084,Targets,target_STE-084_mono.wav,Targets/mono/target_STE-084_mono.wav
BlockTarget_17,Target,E5,A, Сопствениците му доставија по едно барање на советот сите.,Comma > Post S,Сопственици,му,барање_с,совет_м,4,STE-085,Targets,target_STE-085_mono.wav,Targets/mono/target_STE-085_mono.wav
BlockTarget_18,Target,A1,C, Сите програмери му донесоа по еден лаптоп на сервисерот.,Standard,Програмери,му,лаптоп_м,сервисер_м,0,STE-086,Targets,target_STE-086_mono.wav,Targets/mono/target_STE-086_mono.wav
BlockTarget_18,Target,B2,D, Програмерите сите му донесоа по еден лаптоп на сервисерот.,Rising + Comma < CL V,Програмери,му,лаптоп_м,сервисер_м,1,STE-087,Targets,target_STE-087_mono.wav,Targets/mono/target_STE-087_mono.wav
BlockTarget_18,Target,C3,E, Програмерите му донесоа сите по еден лаптоп на сервисерот.,Rising + Comma < DO,Програмери,му,лаптоп_м,сервисер_м,2,STE-088,Targets,target_STE-088_mono.wav,Targets/mono/target_STE-088_mono.wav
BlockTarget_18,Target,D4,A, Програмерите му донесоа по еден лаптоп сите на сервисерот.,Rising + Comma < IO,Програмери,му,лаптоп_м,сервисер_м,3,STE-089,Targets,target_STE-089_mono.wav,Targets/mono/target_STE-089_mono.wav
BlockTarget_18,Target,E5,B, Програмерите му донесоа по еден лаптоп на сервисерот сите.,Comma > Post S,Програмери,му,лаптоп_м,сервисер_м,4,STE-090,Targets,target_STE-090_mono.wav,Targets/mono/target_STE-090_mono.wav
BlockTarget_19,Target,A1,D, Сите фестивали му доделија по една награда на поетот.,Standard,Фестивали,му,награда_ж,поет_м,0,STE-091,Targets,target_STE-091_mono.wav,Targets/mono/target_STE-091_mono.wav
BlockTarget_19,Target,B2,E, Фестивалите сите му доделија по една награда на поетот.,Rising + Comma < CL V,Фестивали,му,награда_ж,поет_м,1,STE-092,Targets,target_STE-092_mono.wav,Targets/mono/target_STE-092_mono.wav
BlockTarget_19,Target,C3,A, Фестивалите му доделија сите по една награда на поетот.,Rising + Comma < DO,Фестивали,му,награда_ж,поет_м,2,STE-093,Targets,target_STE-093_mono.wav,Targets/mono/target_STE-093_mono.wav
BlockTarget_19,Target,D4,B, Фестивалите му доделија по една награда сите на поетот.,Rising + Comma < IO,Фестивали,му,награда_ж,поет_м,3,STE-094,Targets,target_STE-094_mono.wav,Targets/mono/target_STE-094_mono.wav
BlockTarget_19,Target,E5,C, Фестивалите му доделија по една награда на поетот сите.,Comma > Post S,Фестивали,му,награда_ж,поет_м,4,STE-095,Targets,target_STE-095_mono.wav,Targets/mono/target_STE-095_mono.wav
BlockTarget_20,Target,A1,E, Сите деца му подадоа по една топка на фудбалерот.,Standard,Деца,му,топка_ж,фудбалер_м,0,STE-096,Targets,target_STE-096_mono.wav,Targets/mono/target_STE-096_mono.wav
BlockTarget_20,Target,B2,A, Децата сите му подадоа по една топка на фудбалерот.,Rising + Comma < CL V,Деца,му,топка_ж,фудбалер_м,1,STE-097,Targets,target_STE-097_mono.wav,Targets/mono/target_STE-097_mono.wav
BlockTarget_20,Target,C3,B, Децата му подадоа сите по една топка на фудбалерот.,Rising + Comma < DO,Деца,му,топка_ж,фудбалер_м,2,STE-098,Targets,target_STE-098_mono.wav,Targets/mono/target_STE-098_mono.wav
BlockTarget_20,Target,D4,C, Децата му подадоа по една топка сите на фудбалерот.,Rising + Comma < IO,Деца,му,топка_ж,фудбалер_м,3,STE-099,Targets,target_STE-099_mono.wav,Targets/mono/target_STE-099_mono.wav
BlockTarget_20,Target,E5,D, Децата му подадоа по една топка на фудбалерот сите.,Comma > Post S,Деца,му,топка_ж,фудбалер_м,4,STE-100,Targets,target_STE-100_mono.wav,Targets/mono/target_STE-100_mono.wav
BlockTarget_21,Target,A1,A, Сите шанкери му направија по една пијачка на глумецот.,Standard,Шанкери,му,пијачка_ж,глумец_м,0,STE-101,Targets,target_STE-101_mono.wav,Targets/mono/target_STE-101_mono.wav
BlockTarget_21,Target,B2,B, Шанкерите сите му направија по една пијачка на глумецот.,Rising + Comma < CL V,Шанкери,му,пијачка_ж,глумец_м,1,STE-102,Targets,target_STE-102_mono.wav,Targets/mono/target_STE-102_mono.wav
BlockTarget_21,Target,C3,C, Шанкерите му направија сите по една пијачка на глумецот.,Rising + Comma < DO,Шанкери,му,пијачка_ж,глумец_м,2,STE-103,Targets,target_STE-103_mono.wav,Targets/mono/target_STE-103_mono.wav
BlockTarget_21,Target,D4,D, Шанкерите му направија по една пијачка сите на глумецот.,Rising + Comma < IO,Шанкери,му,пијачка_ж,глумец_м,3,STE-104,Targets,target_STE-104_mono.wav,Targets/mono/target_STE-104_mono.wav
BlockTarget_21,Target,E5,E, Шанкерите му направија по една пијачка на глумецот сите.,Comma > Post S,Шанкери,му,пијачка_ж,глумец_м,4,STE-105,Targets,target_STE-105_mono.wav,Targets/mono/target_STE-105_mono.wav
BlockTarget_22,Target,A1,B, Сите готвачи му зготвија по еден оброк на критичарот.,Standard,Готвачи,му,оброк_м,критичар_м,0,STE-106,Targets,target_STE-106_mono.wav,Targets/mono/target_STE-106_mono.wav
BlockTarget_22,Target,B2,C, Готвачите сите му зготвија по еден оброк на критичарот.,Rising + Comma < CL V,Готвачи,му,оброк_м,критичар_м,1,STE-107,Targets,target_STE-107_mono.wav,Targets/mono/target_STE-107_mono.wav
BlockTarget_22,Target,C3,D, Готвачите му зготвија сите по еден оброк на критичарот.,Rising + Comma < DO,Готвачи,му,оброк_м,критичар_м,2,STE-108,Targets,target_STE-108_mono.wav,Targets/mono/target_STE-108_mono.wav
BlockTarget_22,Target,D4,E, Готвачите му зготвија по еден оброк сите на критичарот.,Rising + Comma < IO,Готвачи,му,оброк_м,критичар_м,3,STE-109,Targets,target_STE-109_mono.wav,Targets/mono/target_STE-109_mono.wav
BlockTarget_22,Target,E5,A, Готвачите му зготвија по еден оброк на критичарот сите.,Comma > Post S,Готвачи,му,оброк_м,критичар_м,4,STE-110,Targets,target_STE-110_mono.wav,Targets/mono/target_STE-110_mono.wav
BlockTarget_23,Target,A1,C, Сите фотографи му изложија по една фотографија на кураторот.,Standard,Фотографи,му,фотографија_ж,куратор_м,0,STE-111,Targets,target_STE-111_mono.wav,Targets/mono/target_STE-111_mono.wav
BlockTarget_23,Target,B2,D, Фотографите сите му изложија по една фотографија на кураторот.,Rising + Comma < CL V,Фотографи,му,фотографија_ж,куратор_м,1,STE-112,Targets,target_STE-112_mono.wav,Targets/mono/target_STE-112_mono.wav
BlockTarget_23,Target,C3,E, Фотографите му изложија сите по една фотографија на кураторот.,Rising + Comma < DO,Фотографи,му,фотографија_ж,куратор_м,2,STE-113,Targets,target_STE-113_mono.wav,Targets/mono/target_STE-113_mono.wav
BlockTarget_23,Target,D4,A, Фотографите му изложија по една фотографија сите на кураторот.,Rising + Comma < IO,Фотографи,му,фотографија_ж,куратор_м,3,STE-114,Targets,target_STE-114_mono.wav,Targets/mono/target_STE-114_mono.wav
BlockTarget_23,Target,E5,B, Фотографите му изложија по една фотографија на кураторот сите.,Comma > Post S,Фотографи,му,фотографија_ж,куратор_м,4,STE-115,Targets,target_STE-115_mono.wav,Targets/mono/target_STE-115_mono.wav
BlockTarget_24,Target,A1,D, Сите практиканти му изработија по еден концепт на менаџерот.,Standard,Практиканти,му,концепт_с,менаџер_м,0,STE-116,Targets,target_STE-116_mono.wav,Targets/mono/target_STE-116_mono.wav
BlockTarget_24,Target,B2,E, Практикантите сите му изработија по еден концепт на менаџерот.,Rising + Comma < CL V,Практиканти,му,концепт_с,менаџер_м,1,STE-117,Targets,target_STE-117_mono.wav,Targets/mono/target_STE-117_mono.wav
BlockTarget_24,Target,C3,A, Практикантите му изработија сите по еден концепт на менаџерот.,Rising + Comma < DO,Практиканти,му,концепт_с,менаџер_м,2,STE-118,Targets,target_STE-118_mono.wav,Targets/mono/target_STE-118_mono.wav
BlockTarget_24,Target,D4,B, Практикантите му изработија по еден концепт сите на менаџерот.,Rising + Comma < IO,Практиканти,му,концепт_с,менаџер_м,3,STE-119,Targets,target_STE-119_mono.wav,Targets/mono/target_STE-119_mono.wav
BlockTarget_24,Target,E5,C, Практикантите му изработија по еден концепт на менаџерот сите.,Comma > Post S,Практиканти,му,концепт_с,менаџер_м,4,STE-120,Targets,target_STE-120_mono.wav,Targets/mono/target_STE-120_mono.wav
BlockTarget_25,Target,A1,E, Сите кројачи му сошија по едно одело на богаташот.,Standard,Кројачи,му,одело_с,богаташ_м,0,STE-121,Targets,target_STE-121_mono.wav,Targets/mono/target_STE-121_mono.wav
BlockTarget_25,Target,B2,A, Кројачите сите му сошија по едно одело на богаташот.,Rising + Comma < CL V,Кројачи,му,одело_с,богаташ_м,1,STE-122,Targets,target_STE-122_mono.wav,Targets/mono/target_STE-122_mono.wav
BlockTarget_25,Target,C3,B, Кројачите му сошија сите по едно одело на богаташот.,Rising + Comma < DO,Кројачи,му,одело_с,богаташ_м,2,STE-123,Targets,target_STE-123_mono.wav,Targets/mono/target_STE-123_mono.wav
BlockTarget_25,Target,D4,C, Кројачите му сошија по едно одело сите на богаташот.,Rising + Comma < IO,Кројачи,му,одело_с,богаташ_м,3,STE-124,Targets,target_STE-124_mono.wav,Targets/mono/target_STE-124_mono.wav
BlockTarget_25,Target,E5,D, Кројачите му сошија по едно одело на богаташот сите.,Comma > Post S,Кројачи,му,одело_с,богаташ_м,4,STE-125,Targets,target_STE-125_mono.wav,Targets/mono/target_STE-125_mono.wav
BlockTarget_26,Target,A1,A, Сите музичари му приредија по една гозба на диригентот.,Standard,Музичари,му,гозба_ж,диригент_м,0,STE-126,Targets,target_STE-126_mono.wav,Targets/mono/target_STE-126_mono.wav
BlockTarget_26,Target,B2,B, Музичарите сите му приредија по една гозба на диригентот.,Rising + Comma < CL V,Музичари,му,гозба_ж,диригент_м,1,STE-127,Targets,target_STE-127_mono.wav,Targets/mono/target_STE-127_mono.wav
BlockTarget_26,Target,C3,C, Музичарите му приредија сите по една гозба на диригентот.,Rising + Comma < DO,Музичари,му,гозба_ж,диригент_м,2,STE-128,Targets,target_STE-128_mono.wav,Targets/mono/target_STE-128_mono.wav
BlockTarget_26,Target,D4,D, Музичарите му приредија по една гозба сите на диригентот.,Rising + Comma < IO,Музичари,му,гозба_ж,диригент_м,3,STE-129,Targets,target_STE-129_mono.wav,Targets/mono/target_STE-129_mono.wav
BlockTarget_26,Target,E5,E, Музичарите му приредија по една гозба на диригентот сите.,Comma > Post S,Музичари,му,гозба_ж,диригент_м,4,STE-130,Targets,target_STE-130_mono.wav,Targets/mono/target_STE-130_mono.wav
BlockTarget_27,Target,A1,B, Сите вработени му подготвија по еден предлог на шефот.,Standard,Вработени,му,предлог_м,шеф_м,0,STE-131,Targets,target_STE-131_mono.wav,Targets/mono/target_STE-131_mono.wav
BlockTarget_27,Target,B2,C, Вработените сите му подготвија по еден предлог на шефот.,Rising + Comma < CL V,Вработени,му,предлог_м,шеф_м,1,STE-132,Targets,target_STE-132_mono.wav,Targets/mono/target_STE-132_mono.wav
BlockTarget_27,Target,C3,D, Вработените му подготвија сите по еден предлог на шефот.,Rising + Comma < DO,Вработени,му,предлог_м,шеф_м,2,STE-133,Targets,target_STE-133_mono.wav,Targets/mono/target_STE-133_mono.wav
BlockTarget_27,Target,D4,E, Вработените му подготвија по еден предлог сите на шефот.,Rising + Comma < IO,Вработени,му,предлог_м,шеф_м,3,STE-134,Targets,target_STE-134_mono.wav,Targets/mono/target_STE-134_mono.wav
BlockTarget_27,Target,E5,A, Вработените му подготвија по еден предлог на шефот сите.,Comma > Post S,Вработени,му,предлог_м,шеф_м,4,STE-135,Targets,target_STE-135_mono.wav,Targets/mono/target_STE-135_mono.wav
BlockTarget_28,Target,A1,C, Сите консултанти му понудија по едно решение на инвеститорот.,Standard,Консултанти,му,решение_с,инвеститор_м,0,STE-136,Targets,target_STE-136_mono.wav,Targets/mono/target_STE-136_mono.wav
BlockTarget_28,Target,B2,D, Консултантите сите му понудија по едно решение на инвеститорот.,Rising + Comma < CL V,Консултанти,му,решение_с,инвеститор_м,1,STE-137,Targets,target_STE-137_mono.wav,Targets/mono/target_STE-137_mono.wav
BlockTarget_28,Target,C3,E, Консултантите му понудија сите по едно решение на инвеститорот.,Rising + Comma < DO,Консултанти,му,решение_с,инвеститор_м,2,STE-138,Targets,target_STE-138_mono.wav,Targets/mono/target_STE-138_mono.wav
BlockTarget_28,Target,D4,A, Консултантите му понудија по едно решение сите на инвеститорот.,Rising + Comma < IO,Консултанти,му,решение_с,инвеститор_м,3,STE-139,Targets,target_STE-139_mono.wav,Targets/mono/target_STE-139_mono.wav
BlockTarget_28,Target,E5,B, Консултантите му понудија по едно решение на инвеститорот сите.,Comma > Post S,Консултанти,му,решение_с,инвеститор_м,4,STE-140,Targets,target_STE-140_mono.wav,Targets/mono/target_STE-140_mono.wav
BlockTarget_29,Target,A1,D, Сите докторанти му изложија по една хипотеза на менторот.,Standard,Докторанти,му,хипотеза_ж,ментор_м,0,STE-141,Targets,target_STE-141_mono.wav,Targets/mono/target_STE-141_mono.wav
BlockTarget_29,Target,B2,E, Докторантите сите му изложија по една хипотеза на менторот.,Rising + Comma < CL V,Докторанти,му,хипотеза_ж,ментор_м,1,STE-142,Targets,target_STE-142_mono.wav,Targets/mono/target_STE-142_mono.wav
BlockTarget_29,Target,C3,A, Докторантите му изложија сите по една хипотеза на менторот.,Rising + Comma < DO,Докторанти,му,хипотеза_ж,ментор_м,2,STE-143,Targets,target_STE-143_mono.wav,Targets/mono/target_STE-143_mono.wav
BlockTarget_29,Target,D4,B, Докторантите му изложија по една хипотеза сите на менторот.,Rising + Comma < IO,Докторанти,му,хипотеза_ж,ментор_м,3,STE-144,Targets,target_STE-144_mono.wav,Targets/mono/target_STE-144_mono.wav
BlockTarget_29,Target,E5,C, Докторантите му изложија по една хипотеза на менторот сите.,Comma > Post S,Докторанти,му,хипотеза_ж,ментор_м,4,STE-145,Targets,target_STE-145_mono.wav,Targets/mono/target_STE-145_mono.wav
BlockTarget_30,Target,A1,E, Сите другари му посветија по еден ден на туристот.,Standard,Другари,му,ден_с,турист_м,0,STE-146,Targets,target_STE-146_mono.wav,Targets/mono/target_STE-146_mono.wav
BlockTarget_30,Target,B2,A, Другарите сите му посветија по еден ден на туристот.,Rising + Comma < CL V,Другари,му,ден_с,турист_м,1,STE-147,Targets,target_STE-147_mono.wav,Targets/mono/target_STE-147_mono.wav
BlockTarget_30,Target,C3,B, Другарите му посветија сите по еден ден на туристот.,Rising + Comma < DO,Другари,му,ден_с,турист_м,2,STE-148,Targets,target_STE-148_mono.wav,Targets/mono/target_STE-148_mono.wav
BlockTarget_30,Target,D4,C, Другарите му посветија по еден ден сите на туристот.,Rising + Comma < IO,Другари,му,ден_с,турист_м,3,STE-149,Targets,target_STE-149_mono.wav,Targets/mono/target_STE-149_mono.wav
BlockTarget_30,Target,E5,D, Другарите му посветија по еден ден на туристот сите.,Comma > Post S,Другари,му,ден_с,турист_м,4,STE-150,Targets,target_STE-150_mono.wav,Targets/mono/target_STE-150_mono.wav
BlockFiller_3,FillerG,NA,A, Купувачот ја праша продавачката колку кошта лаптопот.,NA,NA,NA,NA,NA,NA,STE-001,FillersG,filler1_STE-001_mono.wav,Filler1/mono/filler1_STE-001_mono.wav
BlockFiller_3,FillerG,NA,B, Купувачот ја праша продавачката колку кошта лаптопот.,NA,NA,NA,NA,NA,NA,STE-001,FillersG,filler1_STE-001_mono.wav,Filler1/mono/filler1_STE-001_mono.wav
BlockFiller_3,FillerG,NA,C, Купувачот ја праша продавачката колку кошта лаптопот.,NA,NA,NA,NA,NA,NA,STE-001,FillersG,filler1_STE-001_mono.wav,Filler1/mono/filler1_STE-001_mono.wav
BlockFiller_3,FillerG,NA,D, Купувачот ја праша продавачката колку кошта лаптопот.,NA,NA,NA,NA,NA,NA,STE-001,FillersG,filler1_STE-001_mono.wav,Filler1/mono/filler1_STE-001_mono.wav
BlockFiller_3,FillerG,NA,E, Купувачот ја праша продавачката колку кошта лаптопот.,NA,NA,NA,NA,NA,NA,STE-001,FillersG,filler1_STE-001_mono.wav,Filler1/mono/filler1_STE-001_mono.wav
BlockFiller_4,FillerG,NA,A, Граѓаните ја снабдија старата библиотека со нови книги.,NA,NA,NA,NA,NA,NA,STE-002,FillersG,filler1_STE-002_mono.wav,Filler1/mono/filler1_STE-002_mono.wav
BlockFiller_4,FillerG,NA,B, Граѓаните ја снабдија старата библиотека со нови книги.,NA,NA,NA,NA,NA,NA,STE-002,FillersG,filler1_STE-002_mono.wav,Filler1/mono/filler1_STE-002_mono.wav
BlockFiller_4,FillerG,NA,C, Граѓаните ја снабдија старата библиотека со нови книги.,NA,NA,NA,NA,NA,NA,STE-002,FillersG,filler1_STE-002_mono.wav,Filler1/mono/filler1_STE-002_mono.wav
BlockFiller_4,FillerG,NA,D, Граѓаните ја снабдија старата библиотека со нови книги.,NA,NA,NA,NA,NA,NA,STE-002,FillersG,filler1_STE-002_mono.wav,Filler1/mono/filler1_STE-002_mono.wav
BlockFiller_4,FillerG,NA,E, Граѓаните ја снабдија старата библиотека со нови книги.,NA,NA,NA,NA,NA,NA,STE-002,FillersG,filler1_STE-002_mono.wav,Filler1/mono/filler1_STE-002_mono.wav
BlockFiller_5,FillerG,NA,A, Страшните кучиња го исплашија младото осетливо дете.  ,NA,NA,NA,NA,NA,NA,STE-003,FillersG,filler1_STE-003_mono.wav,Filler1/mono/filler1_STE-003_mono.wav
BlockFiller_5,FillerG,NA,B, Страшните кучиња го исплашија младото осетливо дете.  ,NA,NA,NA,NA,NA,NA,STE-003,FillersG,filler1_STE-003_mono.wav,Filler1/mono/filler1_STE-003_mono.wav
BlockFiller_5,FillerG,NA,C, Страшните кучиња го исплашија младото осетливо дете.  ,NA,NA,NA,NA,NA,NA,STE-003,FillersG,filler1_STE-003_mono.wav,Filler1/mono/filler1_STE-003_mono.wav
BlockFiller_5,FillerG,NA,D, Страшните кучиња го исплашија младото осетливо дете.  ,NA,NA,NA,NA,NA,NA,STE-003,FillersG,filler1_STE-003_mono.wav,Filler1/mono/filler1_STE-003_mono.wav
BlockFiller_5,FillerG,NA,E, Страшните кучиња го исплашија младото осетливо дете.  ,NA,NA,NA,NA,NA,NA,STE-003,FillersG,filler1_STE-003_mono.wav,Filler1/mono/filler1_STE-003_mono.wav
BlockFiller_6,FillerG,NA,A, Комисијата го прифати предлогот на жителите по некое време.,NA,NA,NA,NA,NA,NA,STE-004,FillersG,filler1_STE-004_mono.wav,Filler1/mono/filler1_STE-004_mono.wav
BlockFiller_6,FillerG,NA,B, Комисијата го прифати предлогот на жителите по некое време.,NA,NA,NA,NA,NA,NA,STE-004,FillersG,filler1_STE-004_mono.wav,Filler1/mono/filler1_STE-004_mono.wav
BlockFiller_6,FillerG,NA,C, Комисијата го прифати предлогот на жителите по некое време.,NA,NA,NA,NA,NA,NA,STE-004,FillersG,filler1_STE-004_mono.wav,Filler1/mono/filler1_STE-004_mono.wav
BlockFiller_6,FillerG,NA,D, Комисијата го прифати предлогот на жителите по некое време.,NA,NA,NA,NA,NA,NA,STE-004,FillersG,filler1_STE-004_mono.wav,Filler1/mono/filler1_STE-004_mono.wav
BlockFiller_6,FillerG,NA,E, Комисијата го прифати предлогот на жителите по некое време.,NA,NA,NA,NA,NA,NA,STE-004,FillersG,filler1_STE-004_mono.wav,Filler1/mono/filler1_STE-004_mono.wav
BlockFiller_7,FillerG,NA,A, Билетите за фестивалот брзо се распродадоа иако беа скапи.,NA,NA,NA,NA,NA,NA,STE-005,FillersG,filler1_STE-005_mono.wav,Filler1/mono/filler1_STE-005_mono.wav
BlockFiller_7,FillerG,NA,B, Билетите за фестивалот брзо се распродадоа иако беа скапи.,NA,NA,NA,NA,NA,NA,STE-005,FillersG,filler1_STE-005_mono.wav,Filler1/mono/filler1_STE-005_mono.wav
BlockFiller_7,FillerG,NA,C, Билетите за фестивалот брзо се распродадоа иако беа скапи.,NA,NA,NA,NA,NA,NA,STE-005,FillersG,filler1_STE-005_mono.wav,Filler1/mono/filler1_STE-005_mono.wav
BlockFiller_7,FillerG,NA,D, Билетите за фестивалот брзо се распродадоа иако беа скапи.,NA,NA,NA,NA,NA,NA,STE-005,FillersG,filler1_STE-005_mono.wav,Filler1/mono/filler1_STE-005_mono.wav
BlockFiller_7,FillerG,NA,E, Билетите за фестивалот брзо се распродадоа иако беа скапи.,NA,NA,NA,NA,NA,NA,STE-005,FillersG,filler1_STE-005_mono.wav,Filler1/mono/filler1_STE-005_mono.wav
BlockFiller_8,FillerG,NA,A, Возбудените туристи веднаш го посетија познатиот музеј.,NA,NA,NA,NA,NA,NA,STE-006,FillersG,filler1_STE-006_mono.wav,Filler1/mono/filler1_STE-006_mono.wav
BlockFiller_8,FillerG,NA,B, Возбудените туристи веднаш го посетија познатиот музеј.,NA,NA,NA,NA,NA,NA,STE-006,FillersG,filler1_STE-006_mono.wav,Filler1/mono/filler1_STE-006_mono.wav
BlockFiller_8,FillerG,NA,C, Возбудените туристи веднаш го посетија познатиот музеј.,NA,NA,NA,NA,NA,NA,STE-006,FillersG,filler1_STE-006_mono.wav,Filler1/mono/filler1_STE-006_mono.wav
BlockFiller_8,FillerG,NA,D, Возбудените туристи веднаш го посетија познатиот музеј.,NA,NA,NA,NA,NA,NA,STE-006,FillersG,filler1_STE-006_mono.wav,Filler1/mono/filler1_STE-006_mono.wav
BlockFiller_8,FillerG,NA,E, Возбудените туристи веднаш го посетија познатиот музеј.,NA,NA,NA,NA,NA,NA,STE-006,FillersG,filler1_STE-006_mono.wav,Filler1/mono/filler1_STE-006_mono.wav
BlockFiller_9,FillerG,NA,A, Универзитетот го одобри барањето за нов студентски центар.,NA,NA,NA,NA,NA,NA,STE-007,FillersG,filler1_STE-007_mono.wav,Filler1/mono/filler1_STE-007_mono.wav
BlockFiller_9,FillerG,NA,B, Универзитетот го одобри барањето за нов студентски центар.,NA,NA,NA,NA,NA,NA,STE-007,FillersG,filler1_STE-007_mono.wav,Filler1/mono/filler1_STE-007_mono.wav
BlockFiller_9,FillerG,NA,C, Универзитетот го одобри барањето за нов студентски центар.,NA,NA,NA,NA,NA,NA,STE-007,FillersG,filler1_STE-007_mono.wav,Filler1/mono/filler1_STE-007_mono.wav
BlockFiller_9,FillerG,NA,D, Универзитетот го одобри барањето за нов студентски центар.,NA,NA,NA,NA,NA,NA,STE-007,FillersG,filler1_STE-007_mono.wav,Filler1/mono/filler1_STE-007_mono.wav
BlockFiller_9,FillerG,NA,E, Универзитетот го одобри барањето за нов студентски центар.,NA,NA,NA,NA,NA,NA,STE-007,FillersG,filler1_STE-007_mono.wav,Filler1/mono/filler1_STE-007_mono.wav
BlockFiller_10,FillerG,NA,A, Сервисерот ги поправи расипаните компјутери за еден ден.,NA,NA,NA,NA,NA,NA,STE-008,FillersG,filler1_STE-008_mono.wav,Filler1/mono/filler1_STE-008_mono.wav
BlockFiller_10,FillerG,NA,B, Сервисерот ги поправи расипаните компјутери за еден ден.,NA,NA,NA,NA,NA,NA,STE-008,FillersG,filler1_STE-008_mono.wav,Filler1/mono/filler1_STE-008_mono.wav
BlockFiller_10,FillerG,NA,C, Сервисерот ги поправи расипаните компјутери за еден ден.,NA,NA,NA,NA,NA,NA,STE-008,FillersG,filler1_STE-008_mono.wav,Filler1/mono/filler1_STE-008_mono.wav
BlockFiller_10,FillerG,NA,D, Сервисерот ги поправи расипаните компјутери за еден ден.,NA,NA,NA,NA,NA,NA,STE-008,FillersG,filler1_STE-008_mono.wav,Filler1/mono/filler1_STE-008_mono.wav
BlockFiller_10,FillerG,NA,E, Сервисерот ги поправи расипаните компјутери за еден ден.,NA,NA,NA,NA,NA,NA,STE-008,FillersG,filler1_STE-008_mono.wav,Filler1/mono/filler1_STE-008_mono.wav
BlockFiller_11,FillerG,NA,A, Изведбата на глумците ја восхити вечерашната публика.,NA,NA,NA,NA,NA,NA,STE-009,FillersG,filler1_STE-009_mono.wav,Filler1/mono/filler1_STE-009_mono.wav
BlockFiller_11,FillerG,NA,B, Изведбата на глумците ја восхити вечерашната публика.,NA,NA,NA,NA,NA,NA,STE-009,FillersG,filler1_STE-009_mono.wav,Filler1/mono/filler1_STE-009_mono.wav
BlockFiller_11,FillerG,NA,C, Изведбата на глумците ја восхити вечерашната публика.,NA,NA,NA,NA,NA,NA,STE-009,FillersG,filler1_STE-009_mono.wav,Filler1/mono/filler1_STE-009_mono.wav
BlockFiller_11,FillerG,NA,D, Изведбата на глумците ја восхити вечерашната публика.,NA,NA,NA,NA,NA,NA,STE-009,FillersG,filler1_STE-009_mono.wav,Filler1/mono/filler1_STE-009_mono.wav
BlockFiller_11,FillerG,NA,E, Изведбата на глумците ја восхити вечерашната публика.,NA,NA,NA,NA,NA,NA,STE-009,FillersG,filler1_STE-009_mono.wav,Filler1/mono/filler1_STE-009_mono.wav
BlockFiller_12,FillerG,NA,A, Чистачите не го најдоа црниот чадор на стариот господин.,NA,NA,NA,NA,NA,NA,STE-010,FillersG,filler1_STE-010_mono.wav,Filler1/mono/filler1_STE-010_mono.wav
BlockFiller_12,FillerG,NA,B, Чистачите не го најдоа црниот чадор на стариот господин.,NA,NA,NA,NA,NA,NA,STE-010,FillersG,filler1_STE-010_mono.wav,Filler1/mono/filler1_STE-010_mono.wav
BlockFiller_12,FillerG,NA,C, Чистачите не го најдоа црниот чадор на стариот господин.,NA,NA,NA,NA,NA,NA,STE-010,FillersG,filler1_STE-010_mono.wav,Filler1/mono/filler1_STE-010_mono.wav
BlockFiller_12,FillerG,NA,D, Чистачите не го најдоа црниот чадор на стариот господин.,NA,NA,NA,NA,NA,NA,STE-010,FillersG,filler1_STE-010_mono.wav,Filler1/mono/filler1_STE-010_mono.wav
BlockFiller_12,FillerG,NA,E, Чистачите не го најдоа црниот чадор на стариот господин.,NA,NA,NA,NA,NA,NA,STE-010,FillersG,filler1_STE-010_mono.wav,Filler1/mono/filler1_STE-010_mono.wav
BlockFiller_13,FillerG,NA,A, Учениците ја поддржаа идејата на нивната омилена наставничка.,NA,NA,NA,NA,NA,NA,STE-011,FillersG,filler1_STE-011_mono.wav,Filler1/mono/filler1_STE-011_mono.wav
BlockFiller_13,FillerG,NA,B, Учениците ја поддржаа идејата на нивната омилена наставничка.,NA,NA,NA,NA,NA,NA,STE-011,FillersG,filler1_STE-011_mono.wav,Filler1/mono/filler1_STE-011_mono.wav
BlockFiller_13,FillerG,NA,C, Учениците ја поддржаа идејата на нивната омилена наставничка.,NA,NA,NA,NA,NA,NA,STE-011,FillersG,filler1_STE-011_mono.wav,Filler1/mono/filler1_STE-011_mono.wav
BlockFiller_13,FillerG,NA,D, Учениците ја поддржаа идејата на нивната омилена наставничка.,NA,NA,NA,NA,NA,NA,STE-011,FillersG,filler1_STE-011_mono.wav,Filler1/mono/filler1_STE-011_mono.wav
BlockFiller_13,FillerG,NA,E, Учениците ја поддржаа идејата на нивната омилена наставничка.,NA,NA,NA,NA,NA,NA,STE-011,FillersG,filler1_STE-011_mono.wav,Filler1/mono/filler1_STE-011_mono.wav
BlockFiller_14,FillerG,NA,A, Пензионерите играа шах по цели денови во својот клуб.,NA,NA,NA,NA,NA,NA,STE-012,FillersG,filler1_STE-012_mono.wav,Filler1/mono/filler1_STE-012_mono.wav
BlockFiller_14,FillerG,NA,B, Пензионерите играа шах по цели денови во својот клуб.,NA,NA,NA,NA,NA,NA,STE-012,FillersG,filler1_STE-012_mono.wav,Filler1/mono/filler1_STE-012_mono.wav
BlockFiller_14,FillerG,NA,C, Пензионерите играа шах по цели денови во својот клуб.,NA,NA,NA,NA,NA,NA,STE-012,FillersG,filler1_STE-012_mono.wav,Filler1/mono/filler1_STE-012_mono.wav
BlockFiller_14,FillerG,NA,D, Пензионерите играа шах по цели денови во својот клуб.,NA,NA,NA,NA,NA,NA,STE-012,FillersG,filler1_STE-012_mono.wav,Filler1/mono/filler1_STE-012_mono.wav
BlockFiller_14,FillerG,NA,E, Пензионерите играа шах по цели денови во својот клуб.,NA,NA,NA,NA,NA,NA,STE-012,FillersG,filler1_STE-012_mono.wav,Filler1/mono/filler1_STE-012_mono.wav
BlockFiller_15,FillerG,NA,A, Пациентот им се пожали на докторите за силните болки.,NA,NA,NA,NA,NA,NA,STE-013,FillersG,filler1_STE-013_mono.wav,Filler1/mono/filler1_STE-013_mono.wav
BlockFiller_15,FillerG,NA,B, Пациентот им се пожали на докторите за силните болки.,NA,NA,NA,NA,NA,NA,STE-013,FillersG,filler1_STE-013_mono.wav,Filler1/mono/filler1_STE-013_mono.wav
BlockFiller_15,FillerG,NA,C, Пациентот им се пожали на докторите за силните болки.,NA,NA,NA,NA,NA,NA,STE-013,FillersG,filler1_STE-013_mono.wav,Filler1/mono/filler1_STE-013_mono.wav
BlockFiller_15,FillerG,NA,D, Пациентот им се пожали на докторите за силните болки.,NA,NA,NA,NA,NA,NA,STE-013,FillersG,filler1_STE-013_mono.wav,Filler1/mono/filler1_STE-013_mono.wav
BlockFiller_15,FillerG,NA,E, Пациентот им се пожали на докторите за силните болки.,NA,NA,NA,NA,NA,NA,STE-013,FillersG,filler1_STE-013_mono.wav,Filler1/mono/filler1_STE-013_mono.wav
BlockFiller_16,FillerG,NA,A, Писателот накрај го заврши макотрпното долго поглавје.,NA,NA,NA,NA,NA,NA,STE-014,FillersG,filler1_STE-014_mono.wav,Filler1/mono/filler1_STE-014_mono.wav
BlockFiller_16,FillerG,NA,B, Писателот накрај го заврши макотрпното долго поглавје.,NA,NA,NA,NA,NA,NA,STE-014,FillersG,filler1_STE-014_mono.wav,Filler1/mono/filler1_STE-014_mono.wav
BlockFiller_16,FillerG,NA,C, Писателот накрај го заврши макотрпното долго поглавје.,NA,NA,NA,NA,NA,NA,STE-014,FillersG,filler1_STE-014_mono.wav,Filler1/mono/filler1_STE-014_mono.wav
BlockFiller_16,FillerG,NA,D, Писателот накрај го заврши макотрпното долго поглавје.,NA,NA,NA,NA,NA,NA,STE-014,FillersG,filler1_STE-014_mono.wav,Filler1/mono/filler1_STE-014_mono.wav
BlockFiller_16,FillerG,NA,E, Писателот накрај го заврши макотрпното долго поглавје.,NA,NA,NA,NA,NA,NA,STE-014,FillersG,filler1_STE-014_mono.wav,Filler1/mono/filler1_STE-014_mono.wav
BlockFiller_17,FillerG,NA,A, Рецепционерот им помогна на странските гости сабајлево.,NA,NA,NA,NA,NA,NA,STE-015,FillersG,filler1_STE-015_mono.wav,Filler1/mono/filler1_STE-015_mono.wav
BlockFiller_17,FillerG,NA,B, Рецепционерот им помогна на странските гости сабајлево.,NA,NA,NA,NA,NA,NA,STE-015,FillersG,filler1_STE-015_mono.wav,Filler1/mono/filler1_STE-015_mono.wav
BlockFiller_17,FillerG,NA,C, Рецепционерот им помогна на странските гости сабајлево.,NA,NA,NA,NA,NA,NA,STE-015,FillersG,filler1_STE-015_mono.wav,Filler1/mono/filler1_STE-015_mono.wav
BlockFiller_17,FillerG,NA,D, Рецепционерот им помогна на странските гости сабајлево.,NA,NA,NA,NA,NA,NA,STE-015,FillersG,filler1_STE-015_mono.wav,Filler1/mono/filler1_STE-015_mono.wav
BlockFiller_17,FillerG,NA,E, Рецепционерот им помогна на странските гости сабајлево.,NA,NA,NA,NA,NA,NA,STE-015,FillersG,filler1_STE-015_mono.wav,Filler1/mono/filler1_STE-015_mono.wav
BlockFiller_18,FillerG,NA,A, Новите возбудени членови ја платија многу скапата членарина.,NA,NA,NA,NA,NA,NA,STE-016,FillersG,filler1_STE-016_mono.wav,Filler1/mono/filler1_STE-016_mono.wav
BlockFiller_18,FillerG,NA,B, Новите возбудени членови ја платија многу скапата членарина.,NA,NA,NA,NA,NA,NA,STE-016,FillersG,filler1_STE-016_mono.wav,Filler1/mono/filler1_STE-016_mono.wav
BlockFiller_18,FillerG,NA,C, Новите возбудени членови ја платија многу скапата членарина.,NA,NA,NA,NA,NA,NA,STE-016,FillersG,filler1_STE-016_mono.wav,Filler1/mono/filler1_STE-016_mono.wav
BlockFiller_18,FillerG,NA,D, Новите возбудени членови ја платија многу скапата членарина.,NA,NA,NA,NA,NA,NA,STE-016,FillersG,filler1_STE-016_mono.wav,Filler1/mono/filler1_STE-016_mono.wav
BlockFiller_18,FillerG,NA,E, Новите возбудени членови ја платија многу скапата членарина.,NA,NA,NA,NA,NA,NA,STE-016,FillersG,filler1_STE-016_mono.wav,Filler1/mono/filler1_STE-016_mono.wav
BlockFiller_19,FillerG,NA,A, Филмскиот фестивал се оддржува секоја година во кинотека.,NA,NA,NA,NA,NA,NA,STE-017,FillersG,filler1_STE-017_mono.wav,Filler1/mono/filler1_STE-017_mono.wav
BlockFiller_19,FillerG,NA,B, Филмскиот фестивал се оддржува секоја година во кинотека.,NA,NA,NA,NA,NA,NA,STE-017,FillersG,filler1_STE-017_mono.wav,Filler1/mono/filler1_STE-017_mono.wav
BlockFiller_19,FillerG,NA,C, Филмскиот фестивал се оддржува секоја година во кинотека.,NA,NA,NA,NA,NA,NA,STE-017,FillersG,filler1_STE-017_mono.wav,Filler1/mono/filler1_STE-017_mono.wav
BlockFiller_19,FillerG,NA,D, Филмскиот фестивал се оддржува секоја година во кинотека.,NA,NA,NA,NA,NA,NA,STE-017,FillersG,filler1_STE-017_mono.wav,Filler1/mono/filler1_STE-017_mono.wav
BlockFiller_19,FillerG,NA,E, Филмскиот фестивал се оддржува секоја година во кинотека.,NA,NA,NA,NA,NA,NA,STE-017,FillersG,filler1_STE-017_mono.wav,Filler1/mono/filler1_STE-017_mono.wav
BlockFiller_20,FillerG,NA,A, Гневните станари му се пожалија на соседот за бучавата.,NA,NA,NA,NA,NA,NA,STE-018,FillersG,filler1_STE-018_mono.wav,Filler1/mono/filler1_STE-018_mono.wav
BlockFiller_20,FillerG,NA,B, Гневните станари му се пожалија на соседот за бучавата.,NA,NA,NA,NA,NA,NA,STE-018,FillersG,filler1_STE-018_mono.wav,Filler1/mono/filler1_STE-018_mono.wav
BlockFiller_20,FillerG,NA,C, Гневните станари му се пожалија на соседот за бучавата.,NA,NA,NA,NA,NA,NA,STE-018,FillersG,filler1_STE-018_mono.wav,Filler1/mono/filler1_STE-018_mono.wav
BlockFiller_20,FillerG,NA,D, Гневните станари му се пожалија на соседот за бучавата.,NA,NA,NA,NA,NA,NA,STE-018,FillersG,filler1_STE-018_mono.wav,Filler1/mono/filler1_STE-018_mono.wav
BlockFiller_20,FillerG,NA,E, Гневните станари му се пожалија на соседот за бучавата.,NA,NA,NA,NA,NA,NA,STE-018,FillersG,filler1_STE-018_mono.wav,Filler1/mono/filler1_STE-018_mono.wav
BlockFiller_21,FillerG,NA,A, Добриот ученик ги прочита лектирите за оваа учебна година.,NA,NA,NA,NA,NA,NA,STE-019,FillersG,filler1_STE-019_mono.wav,Filler1/mono/filler1_STE-019_mono.wav
BlockFiller_21,FillerG,NA,B, Добриот ученик ги прочита лектирите за оваа учебна година.,NA,NA,NA,NA,NA,NA,STE-019,FillersG,filler1_STE-019_mono.wav,Filler1/mono/filler1_STE-019_mono.wav
BlockFiller_21,FillerG,NA,C, Добриот ученик ги прочита лектирите за оваа учебна година.,NA,NA,NA,NA,NA,NA,STE-019,FillersG,filler1_STE-019_mono.wav,Filler1/mono/filler1_STE-019_mono.wav
BlockFiller_21,FillerG,NA,D, Добриот ученик ги прочита лектирите за оваа учебна година.,NA,NA,NA,NA,NA,NA,STE-019,FillersG,filler1_STE-019_mono.wav,Filler1/mono/filler1_STE-019_mono.wav
BlockFiller_21,FillerG,NA,E, Добриот ученик ги прочита лектирите за оваа учебна година.,NA,NA,NA,NA,NA,NA,STE-019,FillersG,filler1_STE-019_mono.wav,Filler1/mono/filler1_STE-019_mono.wav
BlockFiller_22,FillerG,NA,A, Цимерите го посветија целиот ден на чистење и на готвење.,NA,NA,NA,NA,NA,NA,STE-020,FillersG,filler1_STE-020_mono.wav,Filler1/mono/filler1_STE-020_mono.wav
BlockFiller_22,FillerG,NA,B, Цимерите го посветија целиот ден на чистење и на готвење.,NA,NA,NA,NA,NA,NA,STE-020,FillersG,filler1_STE-020_mono.wav,Filler1/mono/filler1_STE-020_mono.wav
BlockFiller_22,FillerG,NA,C, Цимерите го посветија целиот ден на чистење и на готвење.,NA,NA,NA,NA,NA,NA,STE-020,FillersG,filler1_STE-020_mono.wav,Filler1/mono/filler1_STE-020_mono.wav
BlockFiller_22,FillerG,NA,D, Цимерите го посветија целиот ден на чистење и на готвење.,NA,NA,NA,NA,NA,NA,STE-020,FillersG,filler1_STE-020_mono.wav,Filler1/mono/filler1_STE-020_mono.wav
BlockFiller_22,FillerG,NA,E, Цимерите го посветија целиот ден на чистење и на готвење.,NA,NA,NA,NA,NA,NA,STE-020,FillersG,filler1_STE-020_mono.wav,Filler1/mono/filler1_STE-020_mono.wav
BlockFiller_23,FillerG,NA,A, Математичарот конечно го реши тешкиот проблем брзо.,NA,NA,NA,NA,NA,NA,STE-021,FillersG,filler1_STE-021_mono.wav,Filler1/mono/filler1_STE-021_mono.wav
BlockFiller_23,FillerG,NA,B, Математичарот конечно го реши тешкиот проблем брзо.,NA,NA,NA,NA,NA,NA,STE-021,FillersG,filler1_STE-021_mono.wav,Filler1/mono/filler1_STE-021_mono.wav
BlockFiller_23,FillerG,NA,C, Математичарот конечно го реши тешкиот проблем брзо.,NA,NA,NA,NA,NA,NA,STE-021,FillersG,filler1_STE-021_mono.wav,Filler1/mono/filler1_STE-021_mono.wav
BlockFiller_23,FillerG,NA,D, Математичарот конечно го реши тешкиот проблем брзо.,NA,NA,NA,NA,NA,NA,STE-021,FillersG,filler1_STE-021_mono.wav,Filler1/mono/filler1_STE-021_mono.wav
BlockFiller_23,FillerG,NA,E, Математичарот конечно го реши тешкиот проблем брзо.,NA,NA,NA,NA,NA,NA,STE-021,FillersG,filler1_STE-021_mono.wav,Filler1/mono/filler1_STE-021_mono.wav
BlockFiller_24,FillerG,NA,A, Посетителите си ги земаа своите нешта и си заминаа веднаш.,NA,NA,NA,NA,NA,NA,STE-022,FillersG,filler1_STE-022_mono.wav,Filler1/mono/filler1_STE-022_mono.wav
BlockFiller_24,FillerG,NA,B, Посетителите си ги земаа своите нешта и си заминаа веднаш.,NA,NA,NA,NA,NA,NA,STE-022,FillersG,filler1_STE-022_mono.wav,Filler1/mono/filler1_STE-022_mono.wav
BlockFiller_24,FillerG,NA,C, Посетителите си ги земаа своите нешта и си заминаа веднаш.,NA,NA,NA,NA,NA,NA,STE-022,FillersG,filler1_STE-022_mono.wav,Filler1/mono/filler1_STE-022_mono.wav
BlockFiller_24,FillerG,NA,D, Посетителите си ги земаа своите нешта и си заминаа веднаш.,NA,NA,NA,NA,NA,NA,STE-022,FillersG,filler1_STE-022_mono.wav,Filler1/mono/filler1_STE-022_mono.wav
BlockFiller_24,FillerG,NA,E, Посетителите си ги земаа своите нешта и си заминаа веднаш.,NA,NA,NA,NA,NA,NA,STE-022,FillersG,filler1_STE-022_mono.wav,Filler1/mono/filler1_STE-022_mono.wav
BlockFiller_25,FillerG,NA,A, Секретарката брзо му одговори на вработениот по мејл.,NA,NA,NA,NA,NA,NA,STE-023,FillersG,filler1_STE-023_mono.wav,Filler1/mono/filler1_STE-023_mono.wav
BlockFiller_25,FillerG,NA,B, Секретарката брзо му одговори на вработениот по мејл.,NA,NA,NA,NA,NA,NA,STE-023,FillersG,filler1_STE-023_mono.wav,Filler1/mono/filler1_STE-023_mono.wav
BlockFiller_25,FillerG,NA,C, Секретарката брзо му одговори на вработениот по мејл.,NA,NA,NA,NA,NA,NA,STE-023,FillersG,filler1_STE-023_mono.wav,Filler1/mono/filler1_STE-023_mono.wav
BlockFiller_25,FillerG,NA,D, Секретарката брзо му одговори на вработениот по мејл.,NA,NA,NA,NA,NA,NA,STE-023,FillersG,filler1_STE-023_mono.wav,Filler1/mono/filler1_STE-023_mono.wav
BlockFiller_25,FillerG,NA,E, Секретарката брзо му одговори на вработениот по мејл.,NA,NA,NA,NA,NA,NA,STE-023,FillersG,filler1_STE-023_mono.wav,Filler1/mono/filler1_STE-023_mono.wav
BlockFiller_26,FillerG,NA,A, Претседателот им соопшти на членовите дека ќе се пензионира.,NA,NA,NA,NA,NA,NA,STE-024,FillersG,filler1_STE-024_mono.wav,Filler1/mono/filler1_STE-023_mono.wav
BlockFiller_26,FillerG,NA,B, Претседателот им соопшти на членовите дека ќе се пензионира.,NA,NA,NA,NA,NA,NA,STE-024,FillersG,filler1_STE-024_mono.wav,Filler1/mono/filler1_STE-024_mono.wav
BlockFiller_26,FillerG,NA,C, Претседателот им соопшти на членовите дека ќе се пензионира.,NA,NA,NA,NA,NA,NA,STE-024,FillersG,filler1_STE-024_mono.wav,Filler1/mono/filler1_STE-024_mono.wav
BlockFiller_26,FillerG,NA,D, Претседателот им соопшти на членовите дека ќе се пензионира.,NA,NA,NA,NA,NA,NA,STE-024,FillersG,filler1_STE-024_mono.wav,Filler1/mono/filler1_STE-024_mono.wav
BlockFiller_26,FillerG,NA,E, Претседателот им соопшти на членовите дека ќе се пензионира.,NA,NA,NA,NA,NA,NA,STE-024,FillersG,filler1_STE-024_mono.wav,Filler1/mono/filler1_STE-024_mono.wav
BlockFiller_27,FillerUNG,NA,A, Купувачите ја купија новиот телевизор веднаш штом излезе.,NA,NA,NA,NA,NA,NA,STE-001,FillersUNG,filler2_STE-001_mono.wav,Filler2/mono/filler2_STE-001_mono.wav
BlockFiller_27,FillerUNG,NA,B, Купувачите ја купија новиот телевизор веднаш штом излезе.,NA,NA,NA,NA,NA,NA,STE-001,FillersUNG,filler2_STE-001_mono.wav,Filler2/mono/filler2_STE-001_mono.wav
BlockFiller_27,FillerUNG,NA,C, Купувачите ја купија новиот телевизор веднаш штом излезе.,NA,NA,NA,NA,NA,NA,STE-001,FillersUNG,filler2_STE-001_mono.wav,Filler2/mono/filler2_STE-001_mono.wav
BlockFiller_27,FillerUNG,NA,D, Купувачите ја купија новиот телевизор веднаш штом излезе.,NA,NA,NA,NA,NA,NA,STE-001,FillersUNG,filler2_STE-001_mono.wav,Filler2/mono/filler2_STE-001_mono.wav
BlockFiller_27,FillerUNG,NA,E, Купувачите ја купија новиот телевизор веднаш штом излезе.,NA,NA,NA,NA,NA,NA,STE-001,FillersUNG,filler2_STE-001_mono.wav,Filler2/mono/filler2_STE-001_mono.wav
BlockFiller_28,FillerUNG,NA,A, Петте студенти го положивме последниот испит со шестка.,NA,NA,NA,NA,NA,NA,STE-002,FillersUNG,filler2_STE-002_mono.wav,Filler2/mono/filler2_STE-002_mono.wav
BlockFiller_28,FillerUNG,NA,B, Петте студенти го положивме последниот испит со шестка.,NA,NA,NA,NA,NA,NA,STE-002,FillersUNG,filler2_STE-002_mono.wav,Filler2/mono/filler2_STE-002_mono.wav
BlockFiller_28,FillerUNG,NA,C, Петте студенти го положивме последниот испит со шестка.,NA,NA,NA,NA,NA,NA,STE-002,FillersUNG,filler2_STE-002_mono.wav,Filler2/mono/filler2_STE-002_mono.wav
BlockFiller_28,FillerUNG,NA,D, Петте студенти го положивме последниот испит со шестка.,NA,NA,NA,NA,NA,NA,STE-002,FillersUNG,filler2_STE-002_mono.wav,Filler2/mono/filler2_STE-002_mono.wav
BlockFiller_28,FillerUNG,NA,E, Петте студенти го положивме последниот испит со шестка.,NA,NA,NA,NA,NA,NA,STE-002,FillersUNG,filler2_STE-002_mono.wav,Filler2/mono/filler2_STE-002_mono.wav
BlockFiller_29,FillerUNG,NA,A, Добри млади децата играа фудбал секој ден кај школото.,NA,NA,NA,NA,NA,NA,STE-003,FillersUNG,filler2_STE-003_mono.wav,Filler2/mono/filler2_STE-003_mono.wav
BlockFiller_29,FillerUNG,NA,B, Добри млади децата играа фудбал секој ден кај школото.,NA,NA,NA,NA,NA,NA,STE-003,FillersUNG,filler2_STE-003_mono.wav,Filler2/mono/filler2_STE-003_mono.wav
BlockFiller_29,FillerUNG,NA,C, Добри млади децата играа фудбал секој ден кај школото.,NA,NA,NA,NA,NA,NA,STE-003,FillersUNG,filler2_STE-003_mono.wav,Filler2/mono/filler2_STE-003_mono.wav
BlockFiller_29,FillerUNG,NA,D, Добри млади децата играа фудбал секој ден кај школото.,NA,NA,NA,NA,NA,NA,STE-003,FillersUNG,filler2_STE-003_mono.wav,Filler2/mono/filler2_STE-003_mono.wav
BlockFiller_29,FillerUNG,NA,E, Добри млади децата играа фудбал секој ден кај школото.,NA,NA,NA,NA,NA,NA,STE-003,FillersUNG,filler2_STE-003_mono.wav,Filler2/mono/filler2_STE-003_mono.wav
BlockFiller_30,FillerUNG,NA,A, Асистентот и помогна на ученикот со тешкиот проблем.,NA,NA,NA,NA,NA,NA,STE-004,FillersUNG,filler2_STE-004_mono.wav,Filler2/mono/filler2_STE-004_mono.wav
BlockFiller_30,FillerUNG,NA,B, Асистентот и помогна на ученикот со тешкиот проблем.,NA,NA,NA,NA,NA,NA,STE-004,FillersUNG,filler2_STE-004_mono.wav,Filler2/mono/filler2_STE-004_mono.wav
BlockFiller_30,FillerUNG,NA,C, Асистентот и помогна на ученикот со тешкиот проблем.,NA,NA,NA,NA,NA,NA,STE-004,FillersUNG,filler2_STE-004_mono.wav,Filler2/mono/filler2_STE-004_mono.wav
BlockFiller_30,FillerUNG,NA,D, Асистентот и помогна на ученикот со тешкиот проблем.,NA,NA,NA,NA,NA,NA,STE-004,FillersUNG,filler2_STE-004_mono.wav,Filler2/mono/filler2_STE-004_mono.wav
BlockFiller_30,FillerUNG,NA,E, Асистентот и помогна на ученикот со тешкиот проблем.,NA,NA,NA,NA,NA,NA,STE-004,FillersUNG,filler2_STE-004_mono.wav,Filler2/mono/filler2_STE-004_mono.wav
BlockFiller_31,FillerUNG,NA,A, На стара госпоѓата и требаше помош да се симне по скалите.,NA,NA,NA,NA,NA,NA,STE-005,FillersUNG,filler2_STE-005_mono.wav,Filler2/mono/filler2_STE-005_mono.wav
BlockFiller_31,FillerUNG,NA,B, На стара госпоѓата и требаше помош да се симне по скалите.,NA,NA,NA,NA,NA,NA,STE-005,FillersUNG,filler2_STE-005_mono.wav,Filler2/mono/filler2_STE-005_mono.wav
BlockFiller_31,FillerUNG,NA,C, На стара госпоѓата и требаше помош да се симне по скалите.,NA,NA,NA,NA,NA,NA,STE-005,FillersUNG,filler2_STE-005_mono.wav,Filler2/mono/filler2_STE-005_mono.wav
BlockFiller_31,FillerUNG,NA,D, На стара госпоѓата и требаше помош да се симне по скалите.,NA,NA,NA,NA,NA,NA,STE-005,FillersUNG,filler2_STE-005_mono.wav,Filler2/mono/filler2_STE-005_mono.wav
BlockFiller_31,FillerUNG,NA,E, На стара госпоѓата и требаше помош да се симне по скалите.,NA,NA,NA,NA,NA,NA,STE-005,FillersUNG,filler2_STE-005_mono.wav,Filler2/mono/filler2_STE-005_mono.wav
BlockFiller_32,FillerUNG,NA,A, Добрите другари игравте карти по долгата добра претстава.,NA,NA,NA,NA,NA,NA,STE-006,FillersUNG,filler2_STE-006_mono.wav,Filler2/mono/filler2_STE-006_mono.wav
BlockFiller_32,FillerUNG,NA,B, Добрите другари игравте карти по долгата добра претстава.,NA,NA,NA,NA,NA,NA,STE-006,FillersUNG,filler2_STE-006_mono.wav,Filler2/mono/filler2_STE-006_mono.wav
BlockFiller_32,FillerUNG,NA,C, Добрите другари игравте карти по долгата добра претстава.,NA,NA,NA,NA,NA,NA,STE-006,FillersUNG,filler2_STE-006_mono.wav,Filler2/mono/filler2_STE-006_mono.wav
BlockFiller_32,FillerUNG,NA,D, Добрите другари игравте карти по долгата добра претстава.,NA,NA,NA,NA,NA,NA,STE-006,FillersUNG,filler2_STE-006_mono.wav,Filler2/mono/filler2_STE-006_mono.wav
BlockFiller_32,FillerUNG,NA,E, Добрите другари игравте карти по долгата добра претстава.,NA,NA,NA,NA,NA,NA,STE-006,FillersUNG,filler2_STE-006_mono.wav,Filler2/mono/filler2_STE-006_mono.wav
BlockFiller_33,FillerUNG,NA,A, Вработените веднаш му си пожалија на раководителот.,NA,NA,NA,NA,NA,NA,STE-007,FillersUNG,filler2_STE-007_mono.wav,Filler2/mono/filler2_STE-007_mono.wav
BlockFiller_33,FillerUNG,NA,B, Вработените веднаш му си пожалија на раководителот.,NA,NA,NA,NA,NA,NA,STE-007,FillersUNG,filler2_STE-007_mono.wav,Filler2/mono/filler2_STE-007_mono.wav
BlockFiller_33,FillerUNG,NA,C, Вработените веднаш му си пожалија на раководителот.,NA,NA,NA,NA,NA,NA,STE-007,FillersUNG,filler2_STE-007_mono.wav,Filler2/mono/filler2_STE-007_mono.wav
BlockFiller_33,FillerUNG,NA,D, Вработените веднаш му си пожалија на раководителот.,NA,NA,NA,NA,NA,NA,STE-007,FillersUNG,filler2_STE-007_mono.wav,Filler2/mono/filler2_STE-007_mono.wav
BlockFiller_33,FillerUNG,NA,E, Вработените веднаш му си пожалија на раководителот.,NA,NA,NA,NA,NA,NA,STE-007,FillersUNG,filler2_STE-007_mono.wav,Filler2/mono/filler2_STE-007_mono.wav
BlockFiller_34,FillerUNG,NA,A, Ресторанот му се извинивме на гостите за долгото чекање.,NA,NA,NA,NA,NA,NA,STE-008,FillersUNG,filler2_STE-008_mono.wav,Filler2/mono/filler2_STE-008_mono.wav
BlockFiller_34,FillerUNG,NA,B, Ресторанот му се извинивме на гостите за долгото чекање.,NA,NA,NA,NA,NA,NA,STE-008,FillersUNG,filler2_STE-008_mono.wav,Filler2/mono/filler2_STE-008_mono.wav
BlockFiller_34,FillerUNG,NA,C, Ресторанот му се извинивме на гостите за долгото чекање.,NA,NA,NA,NA,NA,NA,STE-008,FillersUNG,filler2_STE-008_mono.wav,Filler2/mono/filler2_STE-008_mono.wav
BlockFiller_34,FillerUNG,NA,D, Ресторанот му се извинивме на гостите за долгото чекање.,NA,NA,NA,NA,NA,NA,STE-008,FillersUNG,filler2_STE-008_mono.wav,Filler2/mono/filler2_STE-008_mono.wav
BlockFiller_34,FillerUNG,NA,E, Ресторанот му се извинивме на гостите за долгото чекање.,NA,NA,NA,NA,NA,NA,STE-008,FillersUNG,filler2_STE-008_mono.wav,Filler2/mono/filler2_STE-008_mono.wav
BlockFiller_35,FillerUNG,NA,A, Апликантите ја пополнија тешкиот формулар за посебната дозвола.,NA,NA,NA,NA,NA,NA,STE-009,FillersUNG,filler2_STE-009_mono.wav,Filler2/mono/filler2_STE-009_mono.wav
BlockFiller_35,FillerUNG,NA,B, Апликантите ја пополнија тешкиот формулар за посебната дозвола.,NA,NA,NA,NA,NA,NA,STE-009,FillersUNG,filler2_STE-009_mono.wav,Filler2/mono/filler2_STE-009_mono.wav
BlockFiller_35,FillerUNG,NA,C, Апликантите ја пополнија тешкиот формулар за посебната дозвола.,NA,NA,NA,NA,NA,NA,STE-009,FillersUNG,filler2_STE-009_mono.wav,Filler2/mono/filler2_STE-009_mono.wav
BlockFiller_35,FillerUNG,NA,D, Апликантите ја пополнија тешкиот формулар за посебната дозвола.,NA,NA,NA,NA,NA,NA,STE-009,FillersUNG,filler2_STE-009_mono.wav,Filler2/mono/filler2_STE-009_mono.wav
BlockFiller_35,FillerUNG,NA,E, Апликантите ја пополнија тешкиот формулар за посебната дозвола.,NA,NA,NA,NA,NA,NA,STE-009,FillersUNG,filler2_STE-009_mono.wav,Filler2/mono/filler2_STE-009_mono.wav
BlockFiller_36,FillerUNG,NA,A, Многу познати музеите ја продолжија многу посетената изложба.,NA,NA,NA,NA,NA,NA,STE-010,FillersUNG,filler2_STE-010_mono.wav,Filler2/mono/filler2_STE-010_mono.wav
BlockFiller_36,FillerUNG,NA,B, Многу познати музеите ја продолжија многу посетената изложба.,NA,NA,NA,NA,NA,NA,STE-010,FillersUNG,filler2_STE-010_mono.wav,Filler2/mono/filler2_STE-010_mono.wav
BlockFiller_36,FillerUNG,NA,C, Многу познати музеите ја продолжија многу посетената изложба.,NA,NA,NA,NA,NA,NA,STE-010,FillersUNG,filler2_STE-010_mono.wav,Filler2/mono/filler2_STE-010_mono.wav
BlockFiller_36,FillerUNG,NA,D, Многу познати музеите ја продолжија многу посетената изложба.,NA,NA,NA,NA,NA,NA,STE-010,FillersUNG,filler2_STE-010_mono.wav,Filler2/mono/filler2_STE-010_mono.wav
BlockFiller_36,FillerUNG,NA,E, Многу познати музеите ја продолжија многу посетената изложба.,NA,NA,NA,NA,NA,NA,STE-010,FillersUNG,filler2_STE-010_mono.wav,Filler2/mono/filler2_STE-010_mono.wav
BlockFiller_37,FillerUNG,NA,A, Интернатот накрај ја завршиме реновацијата на купатилото.,NA,NA,NA,NA,NA,NA,STE-011,FillersUNG,filler2_STE-011_mono.wav,Filler2/mono/filler2_STE-011_mono.wav
BlockFiller_37,FillerUNG,NA,B, Интернатот накрај ја завршиме реновацијата на купатилото.,NA,NA,NA,NA,NA,NA,STE-011,FillersUNG,filler2_STE-011_mono.wav,Filler2/mono/filler2_STE-011_mono.wav
BlockFiller_37,FillerUNG,NA,C, Интернатот накрај ја завршиме реновацијата на купатилото.,NA,NA,NA,NA,NA,NA,STE-011,FillersUNG,filler2_STE-011_mono.wav,Filler2/mono/filler2_STE-011_mono.wav
BlockFiller_37,FillerUNG,NA,D, Интернатот накрај ја завршиме реновацијата на купатилото.,NA,NA,NA,NA,NA,NA,STE-011,FillersUNG,filler2_STE-011_mono.wav,Filler2/mono/filler2_STE-011_mono.wav
BlockFiller_37,FillerUNG,NA,E, Интернатот накрај ја завршиме реновацијата на купатилото.,NA,NA,NA,NA,NA,NA,STE-011,FillersUNG,filler2_STE-011_mono.wav,Filler2/mono/filler2_STE-011_mono.wav
BlockFiller_38,FillerUNG,NA,A, Друштвото му пропушти настапот на нивниот омилен музичар.,NA,NA,NA,NA,NA,NA,STE-012,FillersUNG,filler2_STE-012_mono.wav,Filler2/mono/filler2_STE-012_mono.wav
BlockFiller_38,FillerUNG,NA,B, Друштвото му пропушти настапот на нивниот омилен музичар.,NA,NA,NA,NA,NA,NA,STE-012,FillersUNG,filler2_STE-012_mono.wav,Filler2/mono/filler2_STE-012_mono.wav
BlockFiller_38,FillerUNG,NA,C, Друштвото му пропушти настапот на нивниот омилен музичар.,NA,NA,NA,NA,NA,NA,STE-012,FillersUNG,filler2_STE-012_mono.wav,Filler2/mono/filler2_STE-012_mono.wav
BlockFiller_38,FillerUNG,NA,D, Друштвото му пропушти настапот на нивниот омилен музичар.,NA,NA,NA,NA,NA,NA,STE-012,FillersUNG,filler2_STE-012_mono.wav,Filler2/mono/filler2_STE-012_mono.wav
BlockFiller_38,FillerUNG,NA,E, Друштвото му пропушти настапот на нивниот омилен музичар.,NA,NA,NA,NA,NA,NA,STE-012,FillersUNG,filler2_STE-012_mono.wav,Filler2/mono/filler2_STE-012_mono.wav
BlockFiller_39,FillerUNG,NA,A, Родителите го одземаа омилената играчка на своето дете.,NA,NA,NA,NA,NA,NA,STE-013,FillersUNG,filler2_STE-013_mono.wav,Filler2/mono/filler2_STE-013_mono.wav
BlockFiller_39,FillerUNG,NA,B, Родителите го одземаа омилената играчка на своето дете.,NA,NA,NA,NA,NA,NA,STE-013,FillersUNG,filler2_STE-013_mono.wav,Filler2/mono/filler2_STE-013_mono.wav
BlockFiller_39,FillerUNG,NA,C, Родителите го одземаа омилената играчка на своето дете.,NA,NA,NA,NA,NA,NA,STE-013,FillersUNG,filler2_STE-013_mono.wav,Filler2/mono/filler2_STE-013_mono.wav
BlockFiller_39,FillerUNG,NA,D, Родителите го одземаа омилената играчка на своето дете.,NA,NA,NA,NA,NA,NA,STE-013,FillersUNG,filler2_STE-013_mono.wav,Filler2/mono/filler2_STE-013_mono.wav
BlockFiller_39,FillerUNG,NA,E, Родителите го одземаа омилената играчка на своето дете.,NA,NA,NA,NA,NA,NA,STE-013,FillersUNG,filler2_STE-013_mono.wav,Filler2/mono/filler2_STE-013_mono.wav
BlockFiller_40,FillerUNG,NA,A, Неколку добри кафичите го користат само тој вид на кафе.,NA,NA,NA,NA,NA,NA,STE-014,FillersUNG,filler2_STE-014_mono.wav,Filler2/mono/filler2_STE-014_mono.wav
BlockFiller_40,FillerUNG,NA,B, Неколку добри кафичите го користат само тој вид на кафе.,NA,NA,NA,NA,NA,NA,STE-014,FillersUNG,filler2_STE-014_mono.wav,Filler2/mono/filler2_STE-014_mono.wav
BlockFiller_40,FillerUNG,NA,C, Неколку добри кафичите го користат само тој вид на кафе.,NA,NA,NA,NA,NA,NA,STE-014,FillersUNG,filler2_STE-014_mono.wav,Filler2/mono/filler2_STE-014_mono.wav
BlockFiller_40,FillerUNG,NA,D, Неколку добри кафичите го користат само тој вид на кафе.,NA,NA,NA,NA,NA,NA,STE-014,FillersUNG,filler2_STE-014_mono.wav,Filler2/mono/filler2_STE-014_mono.wav
BlockFiller_40,FillerUNG,NA,E, Неколку добри кафичите го користат само тој вид на кафе.,NA,NA,NA,NA,NA,NA,STE-014,FillersUNG,filler2_STE-014_mono.wav,Filler2/mono/filler2_STE-014_mono.wav
BlockFiller_41,FillerUNG,NA,A, Семејството отидов во убавиот градски парк за пикник.,NA,NA,NA,NA,NA,NA,STE-015,FillersUNG,filler2_STE-015_mono.wav,Filler2/mono/filler2_STE-015_mono.wav
BlockFiller_41,FillerUNG,NA,B, Семејството отидов во убавиот градски парк за пикник.,NA,NA,NA,NA,NA,NA,STE-015,FillersUNG,filler2_STE-015_mono.wav,Filler2/mono/filler2_STE-015_mono.wav
BlockFiller_41,FillerUNG,NA,C, Семејството отидов во убавиот градски парк за пикник.,NA,NA,NA,NA,NA,NA,STE-015,FillersUNG,filler2_STE-015_mono.wav,Filler2/mono/filler2_STE-015_mono.wav
BlockFiller_41,FillerUNG,NA,D, Семејството отидов во убавиот градски парк за пикник.,NA,NA,NA,NA,NA,NA,STE-015,FillersUNG,filler2_STE-015_mono.wav,Filler2/mono/filler2_STE-015_mono.wav
BlockFiller_41,FillerUNG,NA,E, Семејството отидов во убавиот градски парк за пикник.,NA,NA,NA,NA,NA,NA,STE-015,FillersUNG,filler2_STE-015_mono.wav,Filler2/mono/filler2_STE-015_mono.wav
BlockFiller_42,FillerUNG,NA,A, Професорите го се обратија на деканатот за проблемот.,NA,NA,NA,NA,NA,NA,STE-016,FillersUNG,filler2_STE-016_mono.wav,Filler2/mono/filler2_STE-016_mono.wav
BlockFiller_42,FillerUNG,NA,B, Професорите го се обратија на деканатот за проблемот.,NA,NA,NA,NA,NA,NA,STE-016,FillersUNG,filler2_STE-016_mono.wav,Filler2/mono/filler2_STE-016_mono.wav
BlockFiller_42,FillerUNG,NA,C, Професорите го се обратија на деканатот за проблемот.,NA,NA,NA,NA,NA,NA,STE-016,FillersUNG,filler2_STE-016_mono.wav,Filler2/mono/filler2_STE-016_mono.wav
BlockFiller_42,FillerUNG,NA,D, Професорите го се обратија на деканатот за проблемот.,NA,NA,NA,NA,NA,NA,STE-016,FillersUNG,filler2_STE-016_mono.wav,Filler2/mono/filler2_STE-016_mono.wav
BlockFiller_42,FillerUNG,NA,E, Професорите го се обратија на деканатот за проблемот.,NA,NA,NA,NA,NA,NA,STE-016,FillersUNG,filler2_STE-016_mono.wav,Filler2/mono/filler2_STE-016_mono.wav
BlockFiller_43,FillerUNG,NA,A, Градежната фирма не ја завршивме работата на време.,NA,NA,NA,NA,NA,NA,STE-017,FillersUNG,filler2_STE-017_mono.wav,Filler2/mono/filler2_STE-017_mono.wav
BlockFiller_43,FillerUNG,NA,B, Градежната фирма не ја завршивме работата на време.,NA,NA,NA,NA,NA,NA,STE-017,FillersUNG,filler2_STE-017_mono.wav,Filler2/mono/filler2_STE-017_mono.wav
BlockFiller_43,FillerUNG,NA,C, Градежната фирма не ја завршивме работата на време.,NA,NA,NA,NA,NA,NA,STE-017,FillersUNG,filler2_STE-017_mono.wav,Filler2/mono/filler2_STE-017_mono.wav
BlockFiller_43,FillerUNG,NA,D, Градежната фирма не ја завршивме работата на време.,NA,NA,NA,NA,NA,NA,STE-017,FillersUNG,filler2_STE-017_mono.wav,Filler2/mono/filler2_STE-017_mono.wav
BlockFiller_43,FillerUNG,NA,E, Градежната фирма не ја завршивме работата на време.,NA,NA,NA,NA,NA,NA,STE-017,FillersUNG,filler2_STE-017_mono.wav,Filler2/mono/filler2_STE-017_mono.wav
BlockFiller_44,FillerUNG,NA,A, Советот се согласи со разумен предлогот на претседателот.,NA,NA,NA,NA,NA,NA,STE-018,FillersUNG,filler2_STE-018_mono.wav,Filler2/mono/filler2_STE-018_mono.wav
BlockFiller_44,FillerUNG,NA,B, Советот се согласи со разумен предлогот на претседателот.,NA,NA,NA,NA,NA,NA,STE-018,FillersUNG,filler2_STE-018_mono.wav,Filler2/mono/filler2_STE-018_mono.wav
BlockFiller_44,FillerUNG,NA,C, Советот се согласи со разумен предлогот на претседателот.,NA,NA,NA,NA,NA,NA,STE-018,FillersUNG,filler2_STE-018_mono.wav,Filler2/mono/filler2_STE-018_mono.wav
BlockFiller_44,FillerUNG,NA,D, Советот се согласи со разумен предлогот на претседателот.,NA,NA,NA,NA,NA,NA,STE-018,FillersUNG,filler2_STE-018_mono.wav,Filler2/mono/filler2_STE-018_mono.wav
BlockFiller_44,FillerUNG,NA,E, Советот се согласи со разумен предлогот на претседателот.,NA,NA,NA,NA,NA,NA,STE-018,FillersUNG,filler2_STE-018_mono.wav,Filler2/mono/filler2_STE-018_mono.wav
BlockFiller_45,FillerUNG,NA,A, Фирмата ја одобри проектот на упорниот менаџер по два дена.,NA,NA,NA,NA,NA,NA,STE-019,FillersUNG,filler2_STE-019_mono.wav,Filler2/mono/filler2_STE-019_mono.wav
BlockFiller_45,FillerUNG,NA,B, Фирмата ја одобри проектот на упорниот менаџер по два дена.,NA,NA,NA,NA,NA,NA,STE-019,FillersUNG,filler2_STE-019_mono.wav,Filler2/mono/filler2_STE-019_mono.wav
BlockFiller_45,FillerUNG,NA,C, Фирмата ја одобри проектот на упорниот менаџер по два дена.,NA,NA,NA,NA,NA,NA,STE-019,FillersUNG,filler2_STE-019_mono.wav,Filler2/mono/filler2_STE-019_mono.wav
BlockFiller_45,FillerUNG,NA,D, Фирмата ја одобри проектот на упорниот менаџер по два дена.,NA,NA,NA,NA,NA,NA,STE-019,FillersUNG,filler2_STE-019_mono.wav,Filler2/mono/filler2_STE-019_mono.wav
BlockFiller_45,FillerUNG,NA,E, Фирмата ја одобри проектот на упорниот менаџер по два дена.,NA,NA,NA,NA,NA,NA,STE-019,FillersUNG,filler2_STE-019_mono.wav,Filler2/mono/filler2_STE-019_mono.wav
BlockFiller_46,FillerUNG,NA,A, Фановите го поддржаа нивни омилениот глумец низ тешкотиите.,NA,NA,NA,NA,NA,NA,STE-020,FillersUNG,filler2_STE-020_mono.wav,Filler2/mono/filler2_STE-020_mono.wav
BlockFiller_46,FillerUNG,NA,B, Фановите го поддржаа нивни омилениот глумец низ тешкотиите.,NA,NA,NA,NA,NA,NA,STE-020,FillersUNG,filler2_STE-020_mono.wav,Filler2/mono/filler2_STE-020_mono.wav
BlockFiller_46,FillerUNG,NA,C, Фановите го поддржаа нивни омилениот глумец низ тешкотиите.,NA,NA,NA,NA,NA,NA,STE-020,FillersUNG,filler2_STE-020_mono.wav,Filler2/mono/filler2_STE-020_mono.wav
BlockFiller_46,FillerUNG,NA,D, Фановите го поддржаа нивни омилениот глумец низ тешкотиите.,NA,NA,NA,NA,NA,NA,STE-020,FillersUNG,filler2_STE-020_mono.wav,Filler2/mono/filler2_STE-020_mono.wav
BlockFiller_46,FillerUNG,NA,E, Фановите го поддржаа нивни омилениот глумец низ тешкотиите.,NA,NA,NA,NA,NA,NA,STE-020,FillersUNG,filler2_STE-020_mono.wav,Filler2/mono/filler2_STE-020_mono.wav
BlockFiller_47,FillerUNG,NA,A, Добронамерната госпоѓа го ја донираше облека секоја година.,NA,NA,NA,NA,NA,NA,STE-021,FillersUNG,filler2_STE-021_mono.wav,Filler2/mono/filler2_STE-021_mono.wav
BlockFiller_47,FillerUNG,NA,B, Добронамерната госпоѓа го ја донираше облека секоја година.,NA,NA,NA,NA,NA,NA,STE-021,FillersUNG,filler2_STE-021_mono.wav,Filler2/mono/filler2_STE-021_mono.wav
BlockFiller_47,FillerUNG,NA,C, Добронамерната госпоѓа го ја донираше облека секоја година.,NA,NA,NA,NA,NA,NA,STE-021,FillersUNG,filler2_STE-021_mono.wav,Filler2/mono/filler2_STE-021_mono.wav
BlockFiller_47,FillerUNG,NA,D, Добронамерната госпоѓа го ја донираше облека секоја година.,NA,NA,NA,NA,NA,NA,STE-021,FillersUNG,filler2_STE-021_mono.wav,Filler2/mono/filler2_STE-021_mono.wav
BlockFiller_47,FillerUNG,NA,E, Добронамерната госпоѓа го ја донираше облека секоја година.,NA,NA,NA,NA,NA,NA,STE-021,FillersUNG,filler2_STE-021_mono.wav,Filler2/mono/filler2_STE-021_mono.wav
BlockFiller_48,FillerUNG,NA,A, Децата ја чистиме својата соба детално секоја недела.,NA,NA,NA,NA,NA,NA,STE-022,FillersUNG,filler2_STE-022_mono.wav,Filler2/mono/filler2_STE-022_mono.wav
BlockFiller_48,FillerUNG,NA,B, Децата ја чистиме својата соба детално секоја недела.,NA,NA,NA,NA,NA,NA,STE-022,FillersUNG,filler2_STE-022_mono.wav,Filler2/mono/filler2_STE-022_mono.wav
BlockFiller_48,FillerUNG,NA,C, Децата ја чистиме својата соба детално секоја недела.,NA,NA,NA,NA,NA,NA,STE-022,FillersUNG,filler2_STE-022_mono.wav,Filler2/mono/filler2_STE-022_mono.wav
BlockFiller_48,FillerUNG,NA,D, Децата ја чистиме својата соба детално секоја недела.,NA,NA,NA,NA,NA,NA,STE-022,FillersUNG,filler2_STE-022_mono.wav,Filler2/mono/filler2_STE-022_mono.wav
BlockFiller_48,FillerUNG,NA,E, Децата ја чистиме својата соба детално секоја недела.,NA,NA,NA,NA,NA,NA,STE-022,FillersUNG,filler2_STE-022_mono.wav,Filler2/mono/filler2_STE-022_mono.wav
BlockFiller_49,FillerUNG,NA,A, Нивни близок другарот патуваше четири дена за да ги посети.,NA,NA,NA,NA,NA,NA,STE-023,FillersUNG,filler2_STE-023_mono.wav,Filler2/mono/filler2_STE-023_mono.wav
BlockFiller_49,FillerUNG,NA,B, Нивни близок другарот патуваше четири дена за да ги посети.,NA,NA,NA,NA,NA,NA,STE-023,FillersUNG,filler2_STE-023_mono.wav,Filler2/mono/filler2_STE-023_mono.wav
BlockFiller_49,FillerUNG,NA,C, Нивни близок другарот патуваше четири дена за да ги посети.,NA,NA,NA,NA,NA,NA,STE-023,FillersUNG,filler2_STE-023_mono.wav,Filler2/mono/filler2_STE-023_mono.wav
BlockFiller_49,FillerUNG,NA,D, Нивни близок другарот патуваше четири дена за да ги посети.,NA,NA,NA,NA,NA,NA,STE-023,FillersUNG,filler2_STE-023_mono.wav,Filler2/mono/filler2_STE-023_mono.wav
BlockFiller_49,FillerUNG,NA,E, Нивни близок другарот патуваше четири дена за да ги посети.,NA,NA,NA,NA,NA,NA,STE-023,FillersUNG,filler2_STE-023_mono.wav,Filler2/mono/filler2_STE-023_mono.wav
BlockFiller_50,FillerUNG,NA,A, Голем фудбалски тимот го купија феноменалниот нов играч.,NA,NA,NA,NA,NA,NA,STE-024,FillersUNG,filler2_STE-023_mono.wav,Filler2/mono/filler2_STE-023_mono.wav
BlockFiller_50,FillerUNG,NA,B, Голем фудбалски тимот го купија феноменалниот нов играч.,NA,NA,NA,NA,NA,NA,STE-024,FillersUNG,filler2_STE-024_mono.wav,Filler2/mono/filler2_STE-024_mono.wav
BlockFiller_50,FillerUNG,NA,C, Голем фудбалски тимот го купија феноменалниот нов играч.,NA,NA,NA,NA,NA,NA,STE-024,FillersUNG,filler2_STE-024_mono.wav,Filler2/mono/filler2_STE-024_mono.wav
BlockFiller_50,FillerUNG,NA,D, Голем фудбалски тимот го купија феноменалниот нов играч.,NA,NA,NA,NA,NA,NA,STE-024,FillersUNG,filler2_STE-024_mono.wav,Filler2/mono/filler2_STE-024_mono.wav
BlockFiller_50,FillerUNG,NA,E, Голем фудбалски тимот го купија феноменалниот нов играч.,NA,NA,NA,NA,NA,NA,STE-024,FillersUNG,filler2_STE-024_mono.wav,Filler2/mono/filler2_STE-024_mono.wav
BlockFiller_51,FillerM,NA,A, Добриот ни син го заврши приемниот и се запиша на факултет.,NA,NA,NA,NA,NA,NA,STE-001,FillersM,filler3_STE-001_mono.wav,Filler3/mono/filler3_STE-001_mono.wav
BlockFiller_51,FillerM,NA,B, Добриот ни син го заврши приемниот и се запиша на факултет.,NA,NA,NA,NA,NA,NA,STE-001,FillersM,filler3_STE-001_mono.wav,Filler3/mono/filler3_STE-001_mono.wav
BlockFiller_51,FillerM,NA,C, Добриот ни син го заврши приемниот и се запиша на факултет.,NA,NA,NA,NA,NA,NA,STE-001,FillersM,filler3_STE-001_mono.wav,Filler3/mono/filler3_STE-001_mono.wav
BlockFiller_51,FillerM,NA,D, Добриот ни син го заврши приемниот и се запиша на факултет.,NA,NA,NA,NA,NA,NA,STE-001,FillersM,filler3_STE-001_mono.wav,Filler3/mono/filler3_STE-001_mono.wav
BlockFiller_51,FillerM,NA,E, Добриот ни син го заврши приемниот и се запиша на факултет.,NA,NA,NA,NA,NA,NA,STE-001,FillersM,filler3_STE-001_mono.wav,Filler3/mono/filler3_STE-001_mono.wav
BlockFiller_52,FillerM,NA,A, Mногу добрите пет одлични книги беа наградени од комисијата.,NA,NA,NA,NA,NA,NA,STE-002,FillersM,filler3_STE-002_mono.wav,Filler3/mono/filler3_STE-002_mono.wav
BlockFiller_52,FillerM,NA,B, Mногу добрите пет одлични книги беа наградени од комисијата.,NA,NA,NA,NA,NA,NA,STE-002,FillersM,filler3_STE-002_mono.wav,Filler3/mono/filler3_STE-002_mono.wav
BlockFiller_52,FillerM,NA,C, Mногу добрите пет одлични книги беа наградени од комисијата.,NA,NA,NA,NA,NA,NA,STE-002,FillersM,filler3_STE-002_mono.wav,Filler3/mono/filler3_STE-002_mono.wav
BlockFiller_52,FillerM,NA,D, Mногу добрите пет одлични книги беа наградени од комисијата.,NA,NA,NA,NA,NA,NA,STE-002,FillersM,filler3_STE-002_mono.wav,Filler3/mono/filler3_STE-002_mono.wav
BlockFiller_52,FillerM,NA,E, Mногу добрите пет одлични книги беа наградени од комисијата.,NA,NA,NA,NA,NA,NA,STE-002,FillersM,filler3_STE-002_mono.wav,Filler3/mono/filler3_STE-002_mono.wav
BlockFiller_53,FillerM,NA,A, Убавите станови се брзо продадоа иако многу луѓе чекаа.,NA,NA,NA,NA,NA,NA,STE-003,FillersM,filler3_STE-003_mono.wav,Filler3/mono/filler3_STE-003_mono.wav
BlockFiller_53,FillerM,NA,B, Убавите станови се брзо продадоа иако многу луѓе чекаа.,NA,NA,NA,NA,NA,NA,STE-003,FillersM,filler3_STE-003_mono.wav,Filler3/mono/filler3_STE-003_mono.wav
BlockFiller_53,FillerM,NA,C, Убавите станови се брзо продадоа иако многу луѓе чекаа.,NA,NA,NA,NA,NA,NA,STE-003,FillersM,filler3_STE-003_mono.wav,Filler3/mono/filler3_STE-003_mono.wav
BlockFiller_53,FillerM,NA,D, Убавите станови се брзо продадоа иако многу луѓе чекаа.,NA,NA,NA,NA,NA,NA,STE-003,FillersM,filler3_STE-003_mono.wav,Filler3/mono/filler3_STE-003_mono.wav
BlockFiller_53,FillerM,NA,E, Убавите станови се брзо продадоа иако многу луѓе чекаа.,NA,NA,NA,NA,NA,NA,STE-003,FillersM,filler3_STE-003_mono.wav,Filler3/mono/filler3_STE-003_mono.wav
BlockFiller_54,FillerM,NA,A, Среќните девојчиња го погалија кучето слатко убаво заедно.,NA,NA,NA,NA,NA,NA,STE-004,FillersM,filler3_STE-004_mono.wav,Filler3/mono/filler3_STE-004_mono.wav
BlockFiller_54,FillerM,NA,B, Среќните девојчиња го погалија кучето слатко убаво заедно.,NA,NA,NA,NA,NA,NA,STE-004,FillersM,filler3_STE-004_mono.wav,Filler3/mono/filler3_STE-004_mono.wav
BlockFiller_54,FillerM,NA,C, Среќните девојчиња го погалија кучето слатко убаво заедно.,NA,NA,NA,NA,NA,NA,STE-004,FillersM,filler3_STE-004_mono.wav,Filler3/mono/filler3_STE-004_mono.wav
BlockFiller_54,FillerM,NA,D, Среќните девојчиња го погалија кучето слатко убаво заедно.,NA,NA,NA,NA,NA,NA,STE-004,FillersM,filler3_STE-004_mono.wav,Filler3/mono/filler3_STE-004_mono.wav
BlockFiller_54,FillerM,NA,E, Среќните девојчиња го погалија кучето слатко убаво заедно.,NA,NA,NA,NA,NA,NA,STE-004,FillersM,filler3_STE-004_mono.wav,Filler3/mono/filler3_STE-004_mono.wav
BlockFiller_55,FillerM,NA,A, Се потпишаа посетителите во убавата една голема книга.,NA,NA,NA,NA,NA,NA,STE-005,FillersM,filler3_STE-005_mono.wav,Filler3/mono/filler3_STE-005_mono.wav
BlockFiller_55,FillerM,NA,B, Се потпишаа посетителите во убавата една голема книга.,NA,NA,NA,NA,NA,NA,STE-005,FillersM,filler3_STE-005_mono.wav,Filler3/mono/filler3_STE-005_mono.wav
BlockFiller_55,FillerM,NA,C, Се потпишаа посетителите во убавата една голема книга.,NA,NA,NA,NA,NA,NA,STE-005,FillersM,filler3_STE-005_mono.wav,Filler3/mono/filler3_STE-005_mono.wav
BlockFiller_55,FillerM,NA,D, Се потпишаа посетителите во убавата една голема книга.,NA,NA,NA,NA,NA,NA,STE-005,FillersM,filler3_STE-005_mono.wav,Filler3/mono/filler3_STE-005_mono.wav
BlockFiller_55,FillerM,NA,E, Се потпишаа посетителите во убавата една голема книга.,NA,NA,NA,NA,NA,NA,STE-005,FillersM,filler3_STE-005_mono.wav,Filler3/mono/filler3_STE-005_mono.wav
BlockFiller_56,FillerM,NA,A, Клубот ќе организира уште еден фестивал годинава музички.,NA,NA,NA,NA,NA,NA,STE-006,FillersM,filler3_STE-006_mono.wav,Filler3/mono/filler3_STE-006_mono.wav
BlockFiller_56,FillerM,NA,B, Клубот ќе организира уште еден фестивал годинава музички.,NA,NA,NA,NA,NA,NA,STE-006,FillersM,filler3_STE-006_mono.wav,Filler3/mono/filler3_STE-006_mono.wav
BlockFiller_56,FillerM,NA,C, Клубот ќе организира уште еден фестивал годинава музички.,NA,NA,NA,NA,NA,NA,STE-006,FillersM,filler3_STE-006_mono.wav,Filler3/mono/filler3_STE-006_mono.wav
BlockFiller_56,FillerM,NA,D, Клубот ќе организира уште еден фестивал годинава музички.,NA,NA,NA,NA,NA,NA,STE-006,FillersM,filler3_STE-006_mono.wav,Filler3/mono/filler3_STE-006_mono.wav
BlockFiller_56,FillerM,NA,E, Клубот ќе организира уште еден фестивал годинава музички.,NA,NA,NA,NA,NA,NA,STE-006,FillersM,filler3_STE-006_mono.wav,Filler3/mono/filler3_STE-006_mono.wav
BlockFiller_57,FillerM,NA,A, Новиот готвач ја изгоре супата дневна од печурки направена.,NA,NA,NA,NA,NA,NA,STE-007,FillersM,filler3_STE-007_mono.wav,Filler3/mono/filler3_STE-007_mono.wav
BlockFiller_57,FillerM,NA,B, Новиот готвач ја изгоре супата дневна од печурки направена.,NA,NA,NA,NA,NA,NA,STE-007,FillersM,filler3_STE-007_mono.wav,Filler3/mono/filler3_STE-007_mono.wav
BlockFiller_57,FillerM,NA,C, Новиот готвач ја изгоре супата дневна од печурки направена.,NA,NA,NA,NA,NA,NA,STE-007,FillersM,filler3_STE-007_mono.wav,Filler3/mono/filler3_STE-007_mono.wav
BlockFiller_57,FillerM,NA,D, Новиот готвач ја изгоре супата дневна од печурки направена.,NA,NA,NA,NA,NA,NA,STE-007,FillersM,filler3_STE-007_mono.wav,Filler3/mono/filler3_STE-007_mono.wav
BlockFiller_57,FillerM,NA,E, Новиот готвач ја изгоре супата дневна од печурки направена.,NA,NA,NA,NA,NA,NA,STE-007,FillersM,filler3_STE-007_mono.wav,Filler3/mono/filler3_STE-007_mono.wav
BlockFiller_58,FillerM,NA,A, Цело друштво дојде на роденденот забавен на другарот блиски.,NA,NA,NA,NA,NA,NA,STE-008,FillersM,filler3_STE-008_mono.wav,Filler3/mono/filler3_STE-008_mono.wav
BlockFiller_58,FillerM,NA,B, Цело друштво дојде на роденденот забавен на другарот блиски.,NA,NA,NA,NA,NA,NA,STE-008,FillersM,filler3_STE-008_mono.wav,Filler3/mono/filler3_STE-008_mono.wav
BlockFiller_58,FillerM,NA,C, Цело друштво дојде на роденденот забавен на другарот блиски.,NA,NA,NA,NA,NA,NA,STE-008,FillersM,filler3_STE-008_mono.wav,Filler3/mono/filler3_STE-008_mono.wav
BlockFiller_58,FillerM,NA,D, Цело друштво дојде на роденденот забавен на другарот блиски.,NA,NA,NA,NA,NA,NA,STE-008,FillersM,filler3_STE-008_mono.wav,Filler3/mono/filler3_STE-008_mono.wav
BlockFiller_58,FillerM,NA,E, Цело друштво дојде на роденденот забавен на другарот блиски.,NA,NA,NA,NA,NA,NA,STE-008,FillersM,filler3_STE-008_mono.wav,Filler3/mono/filler3_STE-008_mono.wav
BlockFiller_59,FillerM,NA,A, Книгата на познатиот писател ќе му е последна напишана.,NA,NA,NA,NA,NA,NA,STE-009,FillersM,filler3_STE-009_mono.wav,Filler3/mono/filler3_STE-009_mono.wav
BlockFiller_59,FillerM,NA,B, Книгата на познатиот писател ќе му е последна напишана.,NA,NA,NA,NA,NA,NA,STE-009,FillersM,filler3_STE-009_mono.wav,Filler3/mono/filler3_STE-009_mono.wav
BlockFiller_59,FillerM,NA,C, Книгата на познатиот писател ќе му е последна напишана.,NA,NA,NA,NA,NA,NA,STE-009,FillersM,filler3_STE-009_mono.wav,Filler3/mono/filler3_STE-009_mono.wav
BlockFiller_59,FillerM,NA,D, Книгата на познатиот писател ќе му е последна напишана.,NA,NA,NA,NA,NA,NA,STE-009,FillersM,filler3_STE-009_mono.wav,Filler3/mono/filler3_STE-009_mono.wav
BlockFiller_59,FillerM,NA,E, Книгата на познатиот писател ќе му е последна напишана.,NA,NA,NA,NA,NA,NA,STE-009,FillersM,filler3_STE-009_mono.wav,Filler3/mono/filler3_STE-009_mono.wav
BlockFiller_60,FillerM,NA,A, Последната многу очекувана сезона ќе е нова снимена за скоро.,NA,NA,NA,NA,NA,NA,STE-010,FillersM,filler3_STE-010_mono.wav,Filler3/mono/filler3_STE-010_mono.wav
BlockFiller_60,FillerM,NA,B, Последната многу очекувана сезона ќе е нова снимена за скоро.,NA,NA,NA,NA,NA,NA,STE-010,FillersM,filler3_STE-010_mono.wav,Filler3/mono/filler3_STE-010_mono.wav
BlockFiller_60,FillerM,NA,C, Последната многу очекувана сезона ќе е нова снимена за скоро.,NA,NA,NA,NA,NA,NA,STE-010,FillersM,filler3_STE-010_mono.wav,Filler3/mono/filler3_STE-010_mono.wav
BlockFiller_60,FillerM,NA,D, Последната многу очекувана сезона ќе е нова снимена за скоро.,NA,NA,NA,NA,NA,NA,STE-010,FillersM,filler3_STE-010_mono.wav,Filler3/mono/filler3_STE-010_mono.wav
BlockFiller_60,FillerM,NA,E, Последната многу очекувана сезона ќе е нова снимена за скоро.,NA,NA,NA,NA,NA,NA,STE-010,FillersM,filler3_STE-010_mono.wav,Filler3/mono/filler3_STE-010_mono.wav
BlockFiller_61,FillerM,NA,A, Глумците се појавија на промоцијата голема на филмот нов добар.,NA,NA,NA,NA,NA,NA,STE-011,FillersM,filler3_STE-011_mono.wav,Filler3/mono/filler3_STE-011_mono.wav
BlockFiller_61,FillerM,NA,B, Глумците се појавија на промоцијата голема на филмот нов добар.,NA,NA,NA,NA,NA,NA,STE-011,FillersM,filler3_STE-011_mono.wav,Filler3/mono/filler3_STE-011_mono.wav
BlockFiller_61,FillerM,NA,C, Глумците се појавија на промоцијата голема на филмот нов добар.,NA,NA,NA,NA,NA,NA,STE-011,FillersM,filler3_STE-011_mono.wav,Filler3/mono/filler3_STE-011_mono.wav
BlockFiller_61,FillerM,NA,D, Глумците се појавија на промоцијата голема на филмот нов добар.,NA,NA,NA,NA,NA,NA,STE-011,FillersM,filler3_STE-011_mono.wav,Filler3/mono/filler3_STE-011_mono.wav
BlockFiller_61,FillerM,NA,E, Глумците се појавија на промоцијата голема на филмот нов добар.,NA,NA,NA,NA,NA,NA,STE-011,FillersM,filler3_STE-011_mono.wav,Filler3/mono/filler3_STE-011_mono.wav
BlockFiller_62,FillerM,NA,A, Станарите за куќен совет се сретнаа пред зградата во шест часот.,NA,NA,NA,NA,NA,NA,STE-012,FillersM,filler3_STE-012_mono.wav,Filler3/mono/filler3_STE-012_mono.wav
BlockFiller_62,FillerM,NA,B, Станарите за куќен совет се сретнаа пред зградата во шест часот.,NA,NA,NA,NA,NA,NA,STE-012,FillersM,filler3_STE-012_mono.wav,Filler3/mono/filler3_STE-012_mono.wav
BlockFiller_62,FillerM,NA,C, Станарите за куќен совет се сретнаа пред зградата во шест часот.,NA,NA,NA,NA,NA,NA,STE-012,FillersM,filler3_STE-012_mono.wav,Filler3/mono/filler3_STE-012_mono.wav
BlockFiller_62,FillerM,NA,D, Станарите за куќен совет се сретнаа пред зградата во шест часот.,NA,NA,NA,NA,NA,NA,STE-012,FillersM,filler3_STE-012_mono.wav,Filler3/mono/filler3_STE-012_mono.wav
BlockFiller_62,FillerM,NA,E, Станарите за куќен совет се сретнаа пред зградата во шест часот.,NA,NA,NA,NA,NA,NA,STE-012,FillersM,filler3_STE-012_mono.wav,Filler3/mono/filler3_STE-012_mono.wav
